tenure,MonthlyCharges,TotalCharges,AvgMonthlyCharge,ChargePerTenure,IsNewCustomer,HighMonthlyCharge,Churn_Probability,Churn_Risk_Percentage,Risk_Level
72,114.05,8468.2,116.00273972602741,116.00273972602741,0,1,0.0033333333333333335,0.33333333333333337,Low Risk
8,100.15,908.55,100.94999999999999,100.94999999999999,1,1,0.7833333333333333,78.33333333333333,High Risk
41,78.35,3211.2,76.45714285714286,76.45714285714286,0,1,0.2733333333333333,27.333333333333332,Low Risk
18,78.2,1468.75,77.30263157894737,77.30263157894737,0,1,0.4166666666666667,41.66666666666667,Medium Risk
72,82.65,5919.35,81.08698630136986,81.08698630136986,0,1,0.0033333333333333335,0.33333333333333337,Low Risk
21,99.85,1992.55,90.57045454545454,90.57045454545454,0,1,0.8933333333333333,89.33333333333333,High Risk
21,99.15,1956.4,88.92727272727274,88.92727272727274,0,1,0.7266666666666667,72.66666666666667,High Risk
19,24.1,439.2,21.96,21.96,0,0,0.1,10.0,Low Risk
61,19.75,1311.6,21.154838709677417,21.154838709677417,0,0,0.06666666666666667,6.666666666666667,Low Risk
17,45.05,770.6,42.81111111111111,42.81111111111111,0,0,0.2833333333333333,28.333333333333332,Low Risk
70,106.05,7554.05,106.39507042253521,106.39507042253521,0,1,0.39,39.0,Medium Risk
72,114.85,8317.95,113.94452054794522,113.94452054794522,0,1,0.02,2.0,Low Risk
49,30.2,1453.1,29.061999999999998,29.061999999999998,0,0,0.3233333333333333,32.33333333333333,Medium Risk
11,84.8,906.85,75.57083333333334,75.57083333333334,1,1,0.6033333333333334,60.333333333333336,Medium Risk
19,48.8,953.65,47.6825,47.6825,0,0,0.16333333333333333,16.333333333333332,Low Risk
72,84.5,6130.85,83.98424657534247,83.98424657534247,0,1,0.0,0.0,Low Risk
8,19.5,159.35,17.705555555555556,17.705555555555556,1,0,0.0033333333333333335,0.33333333333333337,Low Risk
15,91.0,1430.05,89.378125,89.378125,0,1,0.4166666666666667,41.66666666666667,Medium Risk
67,105.7,6816.95,100.24926470588235,100.24926470588235,0,1,0.16,16.0,Low Risk
26,35.4,978.6,36.24444444444445,36.24444444444445,0,0,0.16,16.0,Low Risk
2,74.85,156.4,52.13333333333333,52.13333333333333,1,1,0.54,54.0,Medium Risk
21,28.5,629.35,28.606818181818184,28.606818181818184,0,0,0.17,17.0,Low Risk
49,20.05,923.1,18.462,18.462,0,0,0.0,0.0,Low Risk
21,19.8,350.1,15.913636363636364,15.913636363636364,0,0,0.08666666666666667,8.666666666666668,Low Risk
51,69.15,3649.6,70.18461538461538,70.18461538461538,0,0,0.013333333333333334,1.3333333333333335,Low Risk
16,54.55,825.1,48.53529411764706,48.53529411764706,0,0,0.62,62.0,Medium Risk
22,89.25,1907.85,82.95,82.95,0,1,0.56,56.00000000000001,Medium Risk
13,102.25,1359.0,97.07142857142857,97.07142857142857,0,1,0.7466666666666667,74.66666666666667,High Risk
43,25.1,1070.15,24.32159090909091,24.32159090909091,0,0,0.01,1.0,Low Risk
3,89.45,240.45,60.1125,60.1125,1,1,0.4666666666666667,46.666666666666664,Medium Risk
54,90.05,4931.8,89.66909090909091,89.66909090909091,0,1,0.056666666666666664,5.666666666666666,Low Risk
1,24.2,24.2,12.1,12.1,1,0,0.8633333333333333,86.33333333333333,High Risk
69,20.55,1403.1,20.044285714285714,20.044285714285714,0,0,0.0,0.0,Low Risk
62,23.4,1429.65,22.692857142857143,22.692857142857143,0,0,0.0,0.0,Low Risk
2,90.4,168.2,56.06666666666666,56.06666666666666,1,1,0.38333333333333336,38.333333333333336,Medium Risk
62,96.1,6019.35,95.5452380952381,95.5452380952381,0,1,0.07333333333333333,7.333333333333333,Low Risk
2,44.95,85.15,28.383333333333336,28.383333333333336,1,0,0.4533333333333333,45.33333333333333,Medium Risk
69,19.9,1356.7,19.38142857142857,19.38142857142857,0,0,0.0,0.0,Low Risk
1,74.5,74.5,37.25,37.25,1,1,0.9939874554165354,99.39874554165354,High Risk
31,55.25,1715.65,53.6140625,53.6140625,0,0,0.056666666666666664,5.666666666666666,Low Risk
69,20.3,1356.3,19.375714285714285,19.375714285714285,0,0,0.0,0.0,Low Risk
2,91.45,171.45,57.15,57.15,1,1,0.6333333333333333,63.33333333333333,Medium Risk
33,70.4,2406.1,70.76764705882353,70.76764705882353,0,1,0.3233333333333333,32.33333333333333,Medium Risk
3,19.6,55.25,13.8125,13.8125,1,0,0.01,1.0,Low Risk
44,65.4,2774.55,61.65666666666667,61.65666666666667,0,0,0.12333333333333334,12.333333333333334,Low Risk
10,110.1,1043.3,94.84545454545454,94.84545454545454,1,1,0.8366666666666667,83.66666666666667,High Risk
8,75.25,576.7,64.07777777777778,64.07777777777778,1,1,0.44,44.0,Medium Risk
8,66.65,520.95,57.88333333333334,57.88333333333334,1,0,0.16,16.0,Low Risk
69,20.35,1442.65,20.609285714285715,20.609285714285715,0,0,0.0,0.0,Low Risk
23,75.6,1758.6,73.27499999999999,73.27499999999999,0,1,0.16333333333333333,16.333333333333332,Low Risk
66,25.1,1697.7,25.338805970149256,25.338805970149256,0,0,0.0,0.0,Low Risk
1,102.45,102.45,51.225,51.225,1,1,0.9433333333333334,94.33333333333334,High Risk
3,19.95,58.0,14.5,14.5,1,0,0.26666666666666666,26.666666666666668,Low Risk
5,51.0,286.8,47.800000000000004,47.800000000000004,1,0,0.48,48.0,Medium Risk
1,51.2,51.2,25.6,25.6,1,0,0.7058821764626658,70.58821764626659,High Risk
9,77.65,714.15,71.41499999999999,71.41499999999999,1,1,0.14,14.000000000000002,Low Risk
36,63.7,2188.5,59.148648648648646,59.148648648648646,0,0,0.08,8.0,Low Risk
68,85.5,5696.6,82.55942028985508,82.55942028985508,0,1,0.11666666666666667,11.666666666666666,Low Risk
35,40.9,1383.6,38.43333333333333,38.43333333333333,0,0,0.03666666666666667,3.6666666666666665,Low Risk
60,20.55,1205.05,19.754918032786886,19.754918032786886,0,0,0.0,0.0,Low Risk
72,74.55,5430.65,74.39246575342466,74.39246575342466,0,1,0.006666666666666667,0.6666666666666667,Low Risk
45,20.4,930.45,20.22717391304348,20.22717391304348,0,0,0.0,0.0,Low Risk
37,91.2,3247.55,85.46184210526316,85.46184210526316,0,1,0.10666666666666667,10.666666666666668,Low Risk
7,50.7,350.35,43.79375,43.79375,1,0,0.31333333333333335,31.333333333333336,Medium Risk
4,50.7,151.3,30.26,30.26,1,0,0.21,21.0,Low Risk
1,54.9,54.9,27.45,27.45,1,0,0.9333333333333333,93.33333333333333,High Risk
4,60.4,272.15,54.42999999999999,54.42999999999999,1,0,0.19666666666666666,19.666666666666664,Low Risk
18,49.55,878.35,46.22894736842105,46.22894736842105,0,0,0.4166666666666667,41.66666666666667,Medium Risk
12,74.05,872.65,67.12692307692308,67.12692307692308,0,1,0.35333333333333333,35.333333333333336,Medium Risk
1,80.05,80.05,40.025,40.025,1,1,1.0,100.0,High Risk
72,25.0,1738.9,23.82054794520548,23.82054794520548,0,0,0.0,0.0,Low Risk
42,20.25,835.5,19.430232558139537,19.430232558139537,0,0,0.0,0.0,Low Risk
24,76.1,1712.7,68.508,68.508,0,1,0.18333333333333332,18.333333333333332,Low Risk
26,78.95,2034.25,75.3425925925926,75.3425925925926,0,1,0.29,28.999999999999996,Low Risk
68,73.0,5163.0,74.82608695652173,74.82608695652173,0,1,0.09,9.0,Low Risk
17,19.9,323.15,17.952777777777776,17.952777777777776,0,0,0.09333333333333334,9.333333333333334,Low Risk
59,111.1,6555.2,109.25333333333333,109.25333333333333,0,1,0.043333333333333335,4.333333333333334,Low Risk
13,74.4,896.75,64.05357142857143,64.05357142857143,0,1,0.14,14.000000000000002,Low Risk
2,20.45,42.45,14.15,14.15,1,0,0.02,2.0,Low Risk
67,19.65,1335.2,19.63529411764706,19.63529411764706,0,0,0.0033333333333333335,0.33333333333333337,Low Risk
17,20.05,337.9,18.772222222222222,18.772222222222222,0,0,0.02666666666666667,2.666666666666667,Low Risk
71,80.1,5585.4,77.57499999999999,77.57499999999999,0,1,0.013333333333333334,1.3333333333333335,Low Risk
17,98.6,1704.95,94.71944444444445,94.71944444444445,0,1,0.41333333333333333,41.333333333333336,Medium Risk
1,89.55,89.55,44.775,44.775,1,1,0.28,28.000000000000004,Low Risk
6,19.7,94.45,13.492857142857144,13.492857142857144,1,0,0.0033333333333333335,0.33333333333333337,Low Risk
61,114.1,7132.15,115.03467741935484,115.03467741935484,0,1,0.09,9.0,Low Risk
6,73.85,401.3,57.32857142857143,57.32857142857143,1,1,0.7333333333333333,73.33333333333333,High Risk
1,25.05,25.05,12.525,12.525,1,0,0.35594842233194024,35.59484223319402,Medium Risk
21,102.8,2110.15,95.9159090909091,95.9159090909091,0,1,0.6166666666666667,61.66666666666667,Medium Risk
60,110.8,6640.7,108.8639344262295,108.8639344262295,0,1,0.04,4.0,Low Risk
20,85.8,1727.5,82.26190476190476,82.26190476190476,0,1,0.5766666666666667,57.666666666666664,Medium Risk
22,95.9,2234.95,97.17173913043477,97.17173913043477,0,1,0.5266666666666666,52.666666666666664,Medium Risk
40,20.6,827.3,20.178048780487803,20.178048780487803,0,0,0.0,0.0,Low Risk
23,74.95,1710.45,71.26875,71.26875,0,1,0.5433333333333333,54.333333333333336,Medium Risk
1,45.95,45.95,22.975,22.975,1,0,0.897960925824374,89.79609258243741,High Risk
46,38.25,1755.35,37.34787234042553,37.34787234042553,0,0,0.03666666666666667,3.6666666666666665,Low Risk
5,69.95,320.4,53.4,53.4,1,0,0.8266666666666667,82.66666666666667,High Risk
68,20.0,1396.0,20.231884057971016,20.231884057971016,0,0,0.0,0.0,Low Risk
1,25.2,25.2,12.6,12.6,1,0,0.7869698094733222,78.69698094733222,High Risk
2,20.1,43.15,14.383333333333333,14.383333333333333,1,0,0.013333333333333334,1.3333333333333335,Low Risk
14,104.85,1531.4,102.09333333333333,102.09333333333333,0,1,0.6133333333333333,61.33333333333333,Medium Risk
10,70.0,740.0,67.27272727272727,67.27272727272727,1,0,0.5466666666666666,54.666666666666664,Medium Risk
13,78.3,1033.95,73.85357142857143,73.85357142857143,0,1,0.34,34.0,Medium Risk
34,109.8,3587.25,102.49285714285715,102.49285714285715,0,1,0.17666666666666667,17.666666666666668,Low Risk
18,57.45,990.85,52.15,52.15,0,0,0.15333333333333332,15.333333333333332,Low Risk
71,19.7,1301.1,18.070833333333333,18.070833333333333,0,0,0.02,2.0,Low Risk
70,110.5,7752.05,109.1838028169014,109.1838028169014,0,1,0.1,10.0,Low Risk
52,64.3,3410.6,64.35094339622641,64.35094339622641,0,0,0.0,0.0,Low Risk
68,105.25,7173.15,103.9586956521739,103.9586956521739,0,1,0.44333333333333336,44.333333333333336,Medium Risk
38,19.6,717.3,18.392307692307693,18.392307692307693,0,0,0.0,0.0,Low Risk
58,24.5,1497.9,25.38813559322034,25.38813559322034,0,0,0.0033333333333333335,0.33333333333333337,Low Risk
3,90.7,237.65,59.4125,59.4125,1,1,0.4066666666666667,40.666666666666664,Medium Risk
14,48.8,664.4,44.29333333333333,44.29333333333333,0,0,0.43666666666666665,43.666666666666664,Medium Risk
2,24.9,49.7,16.566666666666666,16.566666666666666,1,0,0.6033333333333334,60.333333333333336,Medium Risk
1,24.8,24.8,12.4,12.4,1,0,0.9433333333333334,94.33333333333334,High Risk
72,107.4,7748.75,106.1472602739726,106.1472602739726,0,1,0.0,0.0,Low Risk
3,43.3,123.65,30.9125,30.9125,1,0,0.23666666666666666,23.666666666666668,Low Risk
13,80.0,1029.35,73.52499999999999,73.52499999999999,0,1,0.29,28.999999999999996,Low Risk
72,104.1,7447.7,102.02328767123288,102.02328767123288,0,1,0.06666666666666667,6.666666666666667,Low Risk
58,20.75,1185.95,20.10084745762712,20.10084745762712,0,0,0.013333333333333334,1.3333333333333335,Low Risk
71,95.5,6707.15,93.1548611111111,93.1548611111111,0,1,0.023333333333333334,2.3333333333333335,Low Risk
1,76.35,76.35,38.175,38.175,1,1,0.9966666666666667,99.66666666666667,High Risk
54,91.3,4965.0,90.27272727272727,90.27272727272727,0,1,0.10666666666666667,10.666666666666668,Low Risk
39,45.05,1790.6,44.765,44.765,0,0,0.016666666666666666,1.6666666666666667,Low Risk
1,70.6,70.6,35.3,35.3,1,1,0.4796340233931025,47.96340233931025,Medium Risk
61,80.8,4860.85,78.40080645161291,78.40080645161291,0,1,0.023333333333333334,2.3333333333333335,Low Risk
25,89.15,2257.75,86.83653846153847,86.83653846153847,0,1,0.64,64.0,Medium Risk
37,91.2,3382.3,89.0078947368421,89.0078947368421,0,1,0.043333333333333335,4.333333333333334,Low Risk
26,91.25,2351.8,87.10370370370372,87.10370370370372,0,1,0.6233333333333333,62.33333333333333,Medium Risk
10,19.75,208.25,18.931818181818183,18.931818181818183,1,0,0.043333333333333335,4.333333333333334,Low Risk
1,20.4,20.4,10.2,10.2,1,0,0.0,0.0,Low Risk
24,40.65,933.3,37.332,37.332,0,0,0.09333333333333334,9.333333333333334,Low Risk
65,110.35,7246.15,109.7901515151515,109.7901515151515,0,1,0.01,1.0,Low Risk
23,64.9,1509.8,62.90833333333333,62.90833333333333,0,0,0.056666666666666664,5.666666666666666,Low Risk
49,66.15,3199.0,63.98,63.98,0,0,0.08666666666666667,8.666666666666668,Low Risk
42,55.65,2421.75,56.31976744186046,56.31976744186046,0,0,0.14333333333333334,14.333333333333334,Low Risk
8,20.85,161.65,17.961111111111112,17.961111111111112,1,0,0.05333333333333334,5.333333333333334,Low Risk
28,54.65,1517.5,52.327586206896555,52.327586206896555,0,0,0.01,1.0,Low Risk
71,80.6,5708.2,79.28055555555555,79.28055555555555,0,1,0.0033333333333333335,0.33333333333333337,Low Risk
69,99.45,7007.6,100.10857142857144,100.10857142857144,0,1,0.29,28.999999999999996,Low Risk
68,114.7,7849.85,113.7659420289855,113.7659420289855,0,1,0.17333333333333334,17.333333333333336,Low Risk
64,105.4,6794.75,104.53461538461538,104.53461538461538,0,1,0.13666666666666666,13.666666666666666,Low Risk
3,75.05,202.9,50.725,50.725,1,1,0.5988286453028285,59.88286453028285,Medium Risk
66,49.4,3251.85,48.53507462686567,48.53507462686567,0,0,0.20666666666666667,20.666666666666668,Low Risk
28,18.25,534.7,18.43793103448276,18.43793103448276,0,0,0.0,0.0,Low Risk
67,111.05,7321.05,107.66250000000001,107.66250000000001,0,1,0.01,1.0,Low Risk
46,19.6,851.2,18.11063829787234,18.11063829787234,0,0,0.0,0.0,Low Risk
55,96.75,5238.9,93.55178571428571,93.55178571428571,0,1,0.13333333333333333,13.333333333333334,Low Risk
22,69.7,1490.4,64.8,64.8,0,0,0.25333333333333335,25.333333333333336,Low Risk
18,87.9,1500.5,78.97368421052632,78.97368421052632,0,1,0.38333333333333336,38.333333333333336,Medium Risk
46,40.4,1842.7,39.206382978723404,39.206382978723404,0,0,0.01,1.0,Low Risk
10,78.15,765.15,69.55909090909091,69.55909090909091,1,1,0.29333333333333333,29.333333333333332,Low Risk
72,99.4,7285.7,99.80410958904109,99.80410958904109,0,1,0.01,1.0,Low Risk
16,55.3,875.35,51.491176470588236,51.491176470588236,0,0,0.04,4.0,Low Risk
3,77.0,237.75,59.4375,59.4375,1,1,0.38666666666666666,38.666666666666664,Medium Risk
21,26.05,565.75,25.71590909090909,25.71590909090909,0,0,0.07333333333333333,7.333333333333333,Low Risk
5,78.75,426.35,71.05833333333334,71.05833333333334,1,1,0.43333333333333335,43.333333333333336,Medium Risk
1,29.95,29.95,14.975,14.975,1,0,0.11666666666666667,11.666666666666666,Low Risk
1,45.4,45.4,22.7,22.7,1,0,0.0992231774242483,9.92231774242483,Low Risk
36,85.25,3132.75,84.66891891891892,84.66891891891892,0,1,0.4766666666666667,47.66666666666667,Medium Risk
64,104.05,6605.55,101.62384615384616,101.62384615384616,0,1,0.08333333333333333,8.333333333333332,Low Risk
30,74.85,2181.75,70.37903225806451,70.37903225806451,0,1,0.24,24.0,Low Risk
72,19.55,1463.45,20.047260273972604,20.047260273972604,0,0,0.0,0.0,Low Risk
46,20.1,936.85,19.932978723404254,19.932978723404254,0,0,0.0,0.0,Low Risk
45,95.2,4285.8,93.16956521739131,93.16956521739131,0,1,0.14,14.000000000000002,Low Risk
2,20.65,38.7,12.9,12.9,1,0,0.09,9.0,Low Risk
34,55.0,1885.15,53.861428571428576,53.861428571428576,0,0,0.05333333333333334,5.333333333333334,Low Risk
54,106.55,5763.3,104.78727272727274,104.78727272727274,0,1,0.2,20.0,Low Risk
21,19.95,416.4,18.927272727272726,18.927272727272726,0,0,0.03333333333333333,3.3333333333333335,Low Risk
65,76.15,4929.55,74.69015151515151,74.69015151515151,0,1,0.08666666666666667,8.666666666666668,Low Risk
20,69.8,1540.35,73.35,73.35,0,0,0.36,36.0,Medium Risk
1,79.5,79.5,39.75,39.75,1,1,0.9966666666666667,99.66666666666667,High Risk
42,69.4,3058.3,71.12325581395349,71.12325581395349,0,0,0.22333333333333333,22.333333333333332,Low Risk
1,19.4,19.4,9.7,9.7,1,0,0.10791825895682003,10.791825895682003,Low Risk
20,96.55,1901.65,90.5547619047619,90.5547619047619,0,1,0.6966666666666667,69.66666666666667,Medium Risk
11,70.2,760.05,63.3375,63.3375,1,0,0.30666666666666664,30.666666666666664,Medium Risk
61,25.3,1554.9,25.07903225806452,25.07903225806452,0,0,0.0,0.0,Low Risk
64,25.0,1584.8,24.38153846153846,24.38153846153846,0,0,0.0,0.0,Low Risk
25,88.4,2191.15,84.275,84.275,0,1,0.5533333333333333,55.333333333333336,Medium Risk
44,50.15,2139.1,47.535555555555554,47.535555555555554,0,0,0.08666666666666667,8.666666666666668,Low Risk
5,69.95,330.15,55.025,55.025,1,0,0.86,86.0,High Risk
48,29.9,1388.75,28.341836734693878,28.341836734693878,0,0,0.3,30.0,Medium Risk
6,74.9,469.8,67.11428571428571,67.11428571428571,1,1,0.5133333333333333,51.33333333333333,Medium Risk
4,50.05,179.35,35.87,35.87,1,0,0.5433333333333333,54.333333333333336,Medium Risk
72,19.95,1322.85,18.121232876712327,18.121232876712327,0,0,0.013333333333333334,1.3333333333333335,Low Risk
54,89.4,4869.5,88.53636363636363,88.53636363636363,0,1,0.056666666666666664,5.666666666666666,Low Risk
66,67.45,4508.65,67.29328358208954,67.29328358208954,0,0,0.02666666666666667,2.666666666666667,Low Risk
3,49.9,130.1,32.525,32.525,1,0,0.17666666666666667,17.666666666666668,Low Risk
19,65.35,1231.85,61.592499999999994,61.592499999999994,0,0,0.11,11.0,Low Risk
61,81.0,4976.15,80.26048387096773,80.26048387096773,0,1,0.0,0.0,Low Risk
54,89.8,4667.0,84.85454545454546,84.85454545454546,0,1,0.07,7.000000000000001,Low Risk
1,49.95,49.95,24.975,24.975,1,0,0.07831521359915421,7.8315213599154205,Low Risk
19,79.85,1471.75,73.5875,73.5875,0,1,0.5833333333333334,58.333333333333336,Medium Risk
24,19.75,483.15,19.326,19.326,0,0,0.006666666666666667,0.6666666666666667,Low Risk
33,105.35,3465.05,101.91323529411765,101.91323529411765,0,1,0.54,54.0,Medium Risk
31,83.85,2674.15,83.5671875,83.5671875,0,1,0.37666666666666665,37.666666666666664,Medium Risk
59,44.3,2666.75,44.44583333333333,44.44583333333333,0,0,0.49333333333333335,49.333333333333336,Medium Risk
20,91.0,1859.5,88.54761904761905,88.54761904761905,0,1,0.31666666666666665,31.666666666666664,Medium Risk
60,99.0,6017.9,98.65409836065574,98.65409836065574,0,1,0.21,21.0,Low Risk
18,80.55,1406.65,74.03421052631579,74.03421052631579,0,1,0.22,22.0,Low Risk
19,60.6,1297.8,64.89,64.89,0,0,0.10666666666666667,10.666666666666668,Low Risk
24,19.7,452.55,18.102,18.102,0,0,0.0033333333333333335,0.33333333333333337,Low Risk
9,20.25,172.35,17.235,17.235,1,0,0.35,35.0,Medium Risk
33,24.25,838.5,24.66176470588235,24.66176470588235,0,0,0.016666666666666666,1.6666666666666667,Low Risk
2,19.4,61.05,20.349999999999998,20.349999999999998,1,0,0.18964179605137052,18.96417960513705,Low Risk
67,93.15,6368.2,93.64999999999999,93.64999999999999,0,1,0.11666666666666667,11.666666666666666,Low Risk
52,49.75,2535.55,47.840566037735854,47.840566037735854,0,0,0.03,3.0,Low Risk
5,19.65,92.05,15.341666666666667,15.341666666666667,1,0,0.023333333333333334,2.3333333333333335,Low Risk
1,19.4,19.4,9.7,9.7,1,0,0.10791825895682003,10.791825895682003,Low Risk
67,19.8,1311.3,19.283823529411762,19.283823529411762,0,0,0.0,0.0,Low Risk
63,99.9,6137.0,95.890625,95.890625,0,1,0.3233333333333333,32.33333333333333,Medium Risk
2,49.95,107.1,35.699999999999996,35.699999999999996,1,0,0.5852686211249825,58.52686211249824,Medium Risk
25,89.05,2177.45,83.74807692307692,83.74807692307692,0,1,0.73,73.0,High Risk
19,19.95,373.5,18.675,18.675,0,0,0.03333333333333333,3.3333333333333335,Low Risk
62,56.15,3487.95,55.364285714285714,55.364285714285714,0,0,0.01,1.0,Low Risk
23,34.65,768.45,32.018750000000004,32.018750000000004,0,0,0.10666666666666667,10.666666666666668,Low Risk
70,64.95,4523.25,63.70774647887324,63.70774647887324,0,0,0.0033333333333333335,0.33333333333333337,Low Risk
29,94.2,2607.6,86.92,86.92,0,1,0.28,28.000000000000004,Low Risk
32,78.9,2447.95,74.18030303030302,74.18030303030302,0,1,0.19666666666666666,19.666666666666664,Low Risk
31,65.25,1994.3,62.321875,62.321875,0,0,0.04666666666666667,4.666666666666667,Low Risk
59,95.8,5655.45,94.2575,94.2575,0,1,0.31,31.0,Medium Risk
32,64.85,2010.95,60.93787878787879,60.93787878787879,0,0,0.07333333333333333,7.333333333333333,Low Risk
17,49.8,836.35,46.46388888888889,46.46388888888889,0,0,0.21666666666666667,21.666666666666668,Low Risk
26,20.9,518.3,19.196296296296296,19.196296296296296,0,0,0.0,0.0,Low Risk
12,94.55,1173.55,90.27307692307691,90.27307692307691,0,1,0.6166666666666667,61.66666666666667,Medium Risk
61,98.45,6145.2,99.11612903225806,99.11612903225806,0,1,0.23333333333333334,23.333333333333332,Low Risk
71,19.6,1416.5,19.67361111111111,19.67361111111111,0,0,0.0,0.0,Low Risk
9,20.45,147.55,14.755,14.755,1,0,0.1,10.0,Low Risk
24,104.25,2433.9,97.35600000000001,97.35600000000001,0,1,0.7333333333333333,73.33333333333333,High Risk
7,89.15,574.35,71.79375,71.79375,1,1,0.6433333333333333,64.33333333333333,Medium Risk
41,111.15,4507.15,107.31309523809523,107.31309523809523,0,1,0.6733333333333333,67.33333333333333,Medium Risk
20,90.2,1776.55,84.59761904761905,84.59761904761905,0,1,0.19666666666666666,19.666666666666664,Low Risk
33,91.25,2964.05,87.1779411764706,87.1779411764706,0,1,0.07,7.000000000000001,Low Risk
56,81.8,4534.45,79.55175438596491,79.55175438596491,0,1,0.10333333333333333,10.333333333333334,Low Risk
1,74.5,74.5,37.25,37.25,1,1,0.9939874554165354,99.39874554165354,High Risk
4,76.05,318.9,63.779999999999994,63.779999999999994,1,1,0.76,76.0,High Risk
54,111.1,6014.85,109.3609090909091,109.3609090909091,0,1,0.11333333333333333,11.333333333333332,Low Risk
8,68.55,564.35,62.705555555555556,62.705555555555556,1,0,0.30666666666666664,30.666666666666664,Medium Risk
58,45.0,2689.35,45.582203389830504,45.582203389830504,0,0,0.34,34.0,Medium Risk
34,100.85,3527.3,100.78,100.78,0,1,0.4666666666666667,46.666666666666664,Medium Risk
2,30.4,78.65,26.21666666666667,26.21666666666667,1,0,0.7957985544674148,79.57985544674148,High Risk
25,95.9,2448.75,94.1826923076923,94.1826923076923,0,1,0.2633333333333333,26.333333333333332,Low Risk
68,89.95,5974.3,86.5840579710145,86.5840579710145,0,1,0.19666666666666666,19.666666666666664,Low Risk
71,105.15,7555.0,104.93055555555556,104.93055555555556,0,1,0.5566666666666666,55.666666666666664,Medium Risk
1,59.2,59.2,29.6,29.6,1,0,0.31550608630337734,31.550608630337734,Medium Risk
13,98.15,1230.25,87.875,87.875,0,1,0.74,74.0,High Risk
5,84.5,453.75,75.625,75.625,1,1,0.9366666666666666,93.66666666666667,High Risk
22,20.85,450.65,19.593478260869563,19.593478260869563,0,0,0.0,0.0,Low Risk
10,26.1,225.55,20.504545454545454,20.504545454545454,1,0,0.19333333333333333,19.333333333333332,Low Risk
55,74.0,4052.4,72.36428571428571,72.36428571428571,0,1,0.11666666666666667,11.666666666666666,Low Risk
27,20.55,583.3,20.832142857142856,20.832142857142856,0,0,0.0,0.0,Low Risk
10,18.85,163.2,14.836363636363636,14.836363636363636,1,0,0.02,2.0,Low Risk
23,20.85,473.9,19.745833333333334,19.745833333333334,0,0,0.0,0.0,Low Risk
70,84.1,5979.7,84.22112676056338,84.22112676056338,0,1,0.0,0.0,Low Risk
5,46.0,221.7,36.949999999999996,36.949999999999996,1,0,0.55,55.00000000000001,Medium Risk
24,19.55,470.2,18.808,18.808,0,0,0.0,0.0,Low Risk
8,20.2,140.95,15.66111111111111,15.66111111111111,1,0,0.06,6.0,Low Risk
19,88.8,1672.35,83.61749999999999,83.61749999999999,0,1,0.5466666666666666,54.666666666666664,Medium Risk
43,100.55,4304.0,97.81818181818181,97.81818181818181,0,1,0.6833333333333333,68.33333333333333,Medium Risk
67,101.4,6841.05,100.60367647058824,100.60367647058824,0,1,0.23,23.0,Low Risk
4,55.3,238.5,47.7,47.7,1,0,0.36333333333333334,36.333333333333336,Medium Risk
59,113.75,6561.25,109.35416666666667,109.35416666666667,0,1,0.023333333333333334,2.3333333333333335,Low Risk
72,25.4,1710.9,23.436986301369863,23.436986301369863,0,0,0.023333333333333334,2.3333333333333335,Low Risk
19,20.0,377.55,18.8775,18.8775,0,0,0.03333333333333333,3.3333333333333335,Low Risk
1,73.5,73.5,36.75,36.75,1,1,0.99,99.0,High Risk
30,51.2,1561.5,50.37096774193548,50.37096774193548,0,0,0.07,7.000000000000001,Low Risk
2,74.4,139.4,46.46666666666667,46.46666666666667,1,1,0.294097266427811,29.4097266427811,Low Risk
60,65.85,3928.3,64.3983606557377,64.3983606557377,0,0,0.0033333333333333335,0.33333333333333337,Low Risk
44,111.5,4915.15,109.22555555555554,109.22555555555554,0,1,0.14,14.000000000000002,Low Risk
1,48.6,48.6,24.3,24.3,1,0,0.9166666666666666,91.66666666666666,High Risk
3,29.9,92.25,23.0625,23.0625,1,0,0.4386019544583158,43.86019544583158,Medium Risk
71,24.85,1901.0,26.40277777777778,26.40277777777778,0,0,0.0,0.0,Low Risk
2,49.2,103.7,34.56666666666667,34.56666666666667,1,0,0.6633333333333333,66.33333333333333,Medium Risk
1,25.85,25.85,12.925,12.925,1,0,0.7708766852221071,77.0876685222107,High Risk
72,115.5,8425.15,115.41301369863014,115.41301369863014,0,1,0.013333333333333334,1.3333333333333335,Low Risk
6,85.95,514.6,73.51428571428572,73.51428571428572,1,1,0.9366666666666666,93.66666666666667,High Risk
1,85.55,85.55,42.775,42.775,1,1,1.0,100.0,High Risk
20,89.95,1648.45,78.49761904761905,78.49761904761905,0,1,0.27666666666666667,27.666666666666668,Low Risk
1,88.35,88.35,44.175,44.175,1,1,0.97,97.0,High Risk
12,20.05,265.45,20.41923076923077,20.41923076923077,0,0,0.02666666666666667,2.666666666666667,Low Risk
9,24.95,190.25,19.025,19.025,1,0,0.016666666666666666,1.6666666666666667,Low Risk
12,20.1,223.6,17.2,17.2,0,0,0.08666666666666667,8.666666666666668,Low Risk
1,49.9,49.9,24.95,24.95,1,0,0.01,1.0,Low Risk
17,19.65,351.55,19.530555555555555,19.530555555555555,0,0,0.023333333333333334,2.3333333333333335,Low Risk
12,79.55,958.25,73.71153846153847,73.71153846153847,0,1,0.45,45.0,Medium Risk
12,106.7,1253.9,96.45384615384616,96.45384615384616,0,1,0.54,54.0,Medium Risk
15,55.7,899.8,56.2375,56.2375,0,0,0.4066666666666667,40.666666666666664,Medium Risk
71,99.0,6994.6,97.14722222222223,97.14722222222223,0,1,0.0,0.0,Low Risk
30,85.0,2624.25,84.65322580645162,84.65322580645162,0,1,0.25333333333333335,25.333333333333336,Low Risk
33,20.15,682.15,20.063235294117646,20.063235294117646,0,0,0.0,0.0,Low Risk
1,19.9,19.9,9.95,9.95,1,0,0.801084132107172,80.1084132107172,High Risk
62,70.45,4300.45,68.2611111111111,68.2611111111111,0,1,0.043333333333333335,4.333333333333334,Low Risk
72,116.8,8456.75,115.8458904109589,115.8458904109589,0,1,0.0,0.0,Low Risk
30,66.3,1923.5,62.04838709677419,62.04838709677419,0,0,0.013333333333333334,1.3333333333333335,Low Risk
3,20.55,57.4,14.35,14.35,1,0,0.12666666666666668,12.666666666666668,Low Risk
28,90.45,2509.25,86.52586206896552,86.52586206896552,0,1,0.12333333333333334,12.333333333333334,Low Risk
30,94.3,2679.7,86.44193548387096,86.44193548387096,0,1,0.19333333333333333,19.333333333333332,Low Risk
12,19.0,233.55,17.965384615384615,17.965384615384615,0,0,0.08,8.0,Low Risk
51,24.6,1266.4,24.353846153846156,24.353846153846156,0,0,0.0,0.0,Low Risk
15,45.9,693.45,43.340625,43.340625,0,0,0.31,31.0,Medium Risk
72,25.1,1790.8,24.53150684931507,24.53150684931507,0,0,0.0,0.0,Low Risk
32,108.15,3432.9,104.02727272727273,104.02727272727273,0,1,0.15666666666666668,15.666666666666668,Low Risk
6,74.1,450.9,64.41428571428571,64.41428571428571,1,1,0.6433333333333333,64.33333333333333,Medium Risk
63,70.8,4448.8,69.5125,69.5125,0,1,0.01,1.0,Low Risk
11,95.15,997.65,83.1375,83.1375,1,1,0.35333333333333333,35.333333333333336,Medium Risk
19,61.55,1093.2,54.660000000000004,54.660000000000004,0,0,0.18666666666666668,18.666666666666668,Low Risk
64,73.05,4688.65,72.13307692307691,72.13307692307691,0,1,0.09,9.0,Low Risk
7,69.45,477.05,59.63125,59.63125,1,0,0.2866666666666667,28.666666666666668,Low Risk
4,20.05,91.45,18.29,18.29,1,0,0.02,2.0,Low Risk
7,19.95,147.5,18.4375,18.4375,1,0,0.14,14.000000000000002,Low Risk
4,90.4,356.65,71.33,71.33,1,1,0.8,80.0,High Risk
3,74.55,233.65,58.4125,58.4125,1,1,0.3466666666666667,34.66666666666667,Medium Risk
65,53.5,3517.9,53.301515151515154,53.301515151515154,0,0,0.04666666666666667,4.666666666666667,Low Risk
42,63.7,2763.35,64.2639534883721,64.2639534883721,0,0,0.04666666666666667,4.666666666666667,Low Risk
26,75.0,1908.35,70.67962962962963,70.67962962962963,0,1,0.33,33.0,Medium Risk
48,25.05,1171.5,23.908163265306122,23.908163265306122,0,0,0.013333333333333334,1.3333333333333335,Low Risk
69,99.35,6856.45,97.94928571428571,97.94928571428571,0,1,0.013333333333333334,1.3333333333333335,Low Risk
17,44.45,792.15,44.00833333333333,44.00833333333333,0,0,0.2833333333333333,28.333333333333332,Low Risk
1,21.0,21.0,10.5,10.5,1,0,0.6011336156569225,60.113361565692244,Medium Risk
4,76.65,333.6,66.72,66.72,1,1,0.7066666666666667,70.66666666666667,High Risk
34,96.35,3190.25,91.15,91.15,0,1,0.6833333333333333,68.33333333333333,Medium Risk
2,70.35,139.25,46.416666666666664,46.416666666666664,1,0,0.7333333333333333,73.33333333333333,High Risk
1,50.45,50.45,25.225,25.225,1,0,0.9966666666666667,99.66666666666667,High Risk
12,20.3,246.7,18.976923076923075,18.976923076923075,0,0,0.016666666666666666,1.6666666666666667,Low Risk
38,69.5,2625.25,67.31410256410257,67.31410256410257,0,0,0.07333333333333333,7.333333333333333,Low Risk
31,80.55,2471.6,77.2375,77.2375,0,1,0.14333333333333334,14.333333333333334,Low Risk
67,108.75,7156.2,105.23823529411764,105.23823529411764,0,1,0.18666666666666668,18.666666666666668,Low Risk
22,88.75,1885.15,81.96304347826087,81.96304347826087,0,1,0.48,48.0,Medium Risk
63,81.2,4965.1,77.5796875,77.5796875,0,1,0.02,2.0,Low Risk
70,79.6,5589.45,78.72464788732394,78.72464788732394,0,1,0.0033333333333333335,0.33333333333333337,Low Risk
1,20.45,20.45,10.225,10.225,1,0,0.00875728534257866,0.875728534257866,Low Risk
49,100.45,4941.8,98.836,98.836,0,1,0.11333333333333333,11.333333333333332,Low Risk
71,89.45,6435.25,89.37847222222223,89.37847222222223,0,1,0.01,1.0,Low Risk
23,66.25,1533.8,63.90833333333333,63.90833333333333,0,0,0.08666666666666667,8.666666666666668,Low Risk
72,90.8,6397.6,87.63835616438357,87.63835616438357,0,1,0.01,1.0,Low Risk
72,71.45,5025.85,68.84726027397261,68.84726027397261,0,1,0.03333333333333333,3.3333333333333335,Low Risk
2,69.75,144.55,48.18333333333334,48.18333333333334,1,0,0.4666666666666667,46.666666666666664,Medium Risk
42,59.65,2536.55,58.989534883720935,58.989534883720935,0,0,0.18,18.0,Low Risk
47,19.75,948.9,19.76875,19.76875,0,0,0.06,6.0,Low Risk
29,19.85,535.05,17.834999999999997,17.834999999999997,0,0,0.02,2.0,Low Risk
72,63.8,4684.3,64.16849315068494,64.16849315068494,0,0,0.0,0.0,Low Risk
1,69.55,69.55,34.775,34.775,1,0,1.0,100.0,High Risk
40,51.1,2092.9,51.046341463414635,51.046341463414635,0,0,0.31333333333333335,31.333333333333336,Medium Risk
1,62.05,62.05,31.025,31.025,1,0,0.16333333333333333,16.333333333333332,Low Risk
1,85.0,85.0,42.5,42.5,1,1,0.9856977282567455,98.56977282567455,High Risk
70,98.3,6859.5,96.61267605633803,96.61267605633803,0,1,0.0,0.0,Low Risk
49,19.9,1022.6,20.452,20.452,0,0,0.006666666666666667,0.6666666666666667,Low Risk
17,76.65,1313.55,72.975,72.975,0,1,0.17666666666666667,17.666666666666668,Low Risk
33,66.4,2245.4,66.04117647058824,66.04117647058824,0,0,0.2733333333333333,27.333333333333332,Low Risk
17,100.45,1622.45,90.13611111111112,90.13611111111112,0,1,0.7133333333333334,71.33333333333334,High Risk
21,75.9,1549.75,70.44318181818181,70.44318181818181,0,1,0.16,16.0,Low Risk
35,85.95,3110.1,86.39166666666667,86.39166666666667,0,1,0.22333333333333333,22.333333333333332,Low Risk
12,60.65,743.3,57.176923076923075,57.176923076923075,0,0,0.26,26.0,Low Risk
9,50.85,466.6,46.660000000000004,46.660000000000004,1,0,0.14666666666666667,14.666666666666666,Low Risk
72,24.45,1709.1,23.412328767123288,23.412328767123288,0,0,0.013333333333333334,1.3333333333333335,Low Risk
18,59.1,1011.05,53.21315789473684,53.21315789473684,0,0,0.13,13.0,Low Risk
58,109.1,6393.65,108.36694915254236,108.36694915254236,0,1,0.15666666666666668,15.666666666666668,Low Risk
30,101.3,2974.5,95.95161290322581,95.95161290322581,0,1,0.27,27.0,Low Risk
56,115.85,6567.9,115.22631578947367,115.22631578947367,0,1,0.043333333333333335,4.333333333333334,Low Risk
10,94.9,1048.85,95.35,95.35,1,1,0.8,80.0,High Risk
2,35.1,68.75,22.916666666666668,22.916666666666668,1,0,0.5983088930366938,59.83088930366938,Medium Risk
18,24.65,471.35,24.807894736842105,24.807894736842105,0,0,0.07333333333333333,7.333333333333333,Low Risk
51,56.15,2898.95,55.74903846153846,55.74903846153846,0,0,0.10333333333333333,10.333333333333334,Low Risk
60,109.45,6572.85,107.7516393442623,107.7516393442623,0,1,0.11333333333333333,11.333333333333332,Low Risk
24,55.15,1319.85,52.794,52.794,0,0,0.10666666666666667,10.666666666666668,Low Risk
70,115.65,7968.85,112.23732394366198,112.23732394366198,0,1,0.11333333333333333,11.333333333333332,Low Risk
12,53.75,648.65,49.896153846153844,49.896153846153844,0,0,0.20666666666666667,20.666666666666668,Low Risk
25,61.6,1611.0,61.96153846153846,61.96153846153846,0,0,0.18666666666666668,18.666666666666668,Low Risk
36,20.35,695.85,18.80675675675676,18.80675675675676,0,0,0.0,0.0,Low Risk
11,90.6,1020.2,85.01666666666667,85.01666666666667,1,1,0.57,56.99999999999999,Medium Risk
7,89.75,608.8,76.1,76.1,1,1,0.44,44.0,Medium Risk
26,98.1,2510.7,92.98888888888888,92.98888888888888,0,1,0.22666666666666666,22.666666666666664,Low Risk
41,74.25,3089.1,73.55,73.55,0,1,0.24,24.0,Low Risk
57,55.0,3094.05,53.345689655172414,53.345689655172414,0,0,0.10666666666666667,10.666666666666668,Low Risk
28,90.1,2598.95,89.61896551724138,89.61896551724138,0,1,0.6866666666666666,68.66666666666667,Medium Risk
10,64.9,685.55,62.32272727272727,62.32272727272727,1,0,0.38333333333333336,38.333333333333336,Medium Risk
41,56.3,2364.0,56.285714285714285,56.285714285714285,0,0,0.15333333333333332,15.333333333333332,Low Risk
22,89.05,1886.25,82.01086956521739,82.01086956521739,0,1,0.45666666666666667,45.666666666666664,Medium Risk
57,112.95,6465.0,111.46551724137932,111.46551724137932,0,1,0.09333333333333334,9.333333333333334,Low Risk
13,19.45,270.2,19.3,19.3,0,0,0.02,2.0,Low Risk
61,100.7,6018.65,97.07499999999999,97.07499999999999,0,1,0.31,31.0,Medium Risk
1,20.05,20.05,10.025,10.025,1,0,0.5104972631525344,51.04972631525344,Medium Risk
18,19.35,309.25,16.276315789473685,16.276315789473685,0,0,0.01,1.0,Low Risk
6,87.95,522.35,74.62142857142858,74.62142857142858,1,1,0.9533333333333334,95.33333333333334,High Risk
7,59.5,415.95,51.99375,51.99375,1,0,0.07333333333333333,7.333333333333333,Low Risk
9,55.3,501.2,50.12,50.12,1,0,0.3433333333333333,34.333333333333336,Medium Risk
1,49.25,49.25,24.625,24.625,1,0,0.006666666666666667,0.6666666666666667,Low Risk
9,80.8,713.1,71.31,71.31,1,1,0.5066666666666667,50.66666666666667,Medium Risk
49,20.45,900.9,18.018,18.018,0,0,0.013333333333333334,1.3333333333333335,Low Risk
15,99.1,1426.4,89.15,89.15,0,1,0.6666666666666666,66.66666666666666,Medium Risk
30,19.55,608.5,19.629032258064516,19.629032258064516,0,0,0.0033333333333333335,0.33333333333333337,Low Risk
70,75.65,5411.4,76.2169014084507,76.2169014084507,0,1,0.056666666666666664,5.666666666666666,Low Risk
25,105.5,2686.05,103.3096153846154,103.3096153846154,0,1,0.7,70.0,High Risk
49,35.8,1782.0,35.64,35.64,0,0,0.09,9.0,Low Risk
18,25.15,476.8,25.094736842105263,25.094736842105263,0,0,0.13333333333333333,13.333333333333334,Low Risk
25,19.2,532.1,20.465384615384615,20.465384615384615,0,0,0.0033333333333333335,0.33333333333333337,Low Risk
23,40.1,857.75,35.739583333333336,35.739583333333336,0,0,0.25333333333333335,25.333333333333336,Low Risk
67,103.15,6895.5,101.40441176470588,101.40441176470588,0,1,0.5366666666666666,53.666666666666664,Medium Risk
35,20.5,759.35,21.093055555555555,21.093055555555555,0,0,0.0033333333333333335,0.33333333333333337,Low Risk
1,45.85,45.85,22.925,22.925,1,0,0.7285561603681314,72.85561603681315,High Risk
72,114.45,8375.05,114.7267123287671,114.7267123287671,0,1,0.05333333333333334,5.333333333333334,Low Risk
1,20.7,20.7,10.35,10.35,1,0,0.0361567584160442,3.6156758416044203,Low Risk
60,80.95,4859.1,79.65737704918034,79.65737704918034,0,1,0.02666666666666667,2.666666666666667,Low Risk
7,59.1,369.25,46.15625,46.15625,1,0,0.13,13.0,Low Risk
64,19.55,1240.15,19.079230769230772,19.079230769230772,0,0,0.04666666666666667,4.666666666666667,Low Risk
15,48.85,736.8,46.05,46.05,0,0,0.48,48.0,Medium Risk
2,19.85,35.9,11.966666666666667,11.966666666666667,1,0,0.1361567584160442,13.61567584160442,Low Risk
13,78.75,995.35,71.09642857142858,71.09642857142858,0,1,0.6633333333333333,66.33333333333333,Medium Risk
26,98.35,2515.3,93.15925925925927,93.15925925925927,0,1,0.22666666666666666,22.666666666666664,Low Risk
52,35.45,1958.95,36.96132075471698,36.96132075471698,0,0,0.05,5.0,Low Risk
1,20.2,20.2,10.1,10.1,1,0,0.6836915734729923,68.36915734729922,Medium Risk
15,89.85,1424.95,89.059375,89.059375,0,1,0.52,52.0,Medium Risk
2,74.9,147.15,49.050000000000004,49.050000000000004,1,1,0.6921619786361618,69.21619786361617,Medium Risk
31,91.15,2995.45,93.6078125,93.6078125,0,1,0.11,11.0,Low Risk
26,75.5,2018.1,74.74444444444444,74.74444444444444,0,1,0.043333333333333335,4.333333333333334,Low Risk
10,29.75,301.9,27.44545454545454,27.44545454545454,1,0,0.3233333333333333,32.33333333333333,Medium Risk
1,20.05,20.05,10.025,10.025,1,0,0.5104972631525344,51.04972631525344,Medium Risk
2,79.6,195.05,65.01666666666667,65.01666666666667,1,1,0.5133333333333333,51.33333333333333,Medium Risk
2,19.3,28.3,9.433333333333334,9.433333333333334,1,0,0.4314975121236238,43.14975121236238,Medium Risk
13,48.75,633.4,45.24285714285714,45.24285714285714,0,0,0.18,18.0,Low Risk
33,74.75,2453.3,72.15588235294118,72.15588235294118,0,1,0.3933333333333333,39.33333333333333,Medium Risk
46,91.3,4126.35,87.79468085106383,87.79468085106383,0,1,0.22333333333333333,22.333333333333332,Low Risk
13,49.15,649.4,46.385714285714286,46.385714285714286,0,0,0.06666666666666667,6.666666666666667,Low Risk
37,106.75,4056.75,106.75657894736842,106.75657894736842,0,1,0.3433333333333333,34.333333333333336,Medium Risk
61,19.1,1143.8,18.448387096774194,18.448387096774194,0,0,0.19666666666666666,19.666666666666664,Low Risk
1,20.8,20.8,10.4,10.4,1,0,0.297607886666381,29.7607886666381,Low Risk
9,75.85,647.5,64.75,64.75,1,1,0.5566666666666666,55.666666666666664,Medium Risk
3,69.6,207.4,51.85,51.85,1,0,0.4166666666666667,41.66666666666667,Medium Risk
69,19.9,1363.45,19.477857142857143,19.477857142857143,0,0,0.023333333333333334,2.3333333333333335,Low Risk
62,20.3,1296.15,20.573809523809526,20.573809523809526,0,0,0.02,2.0,Low Risk
20,19.7,419.4,19.97142857142857,19.97142857142857,0,0,0.0033333333333333335,0.33333333333333337,Low Risk
61,104.0,6363.45,102.63629032258065,102.63629032258065,0,1,0.19666666666666666,19.666666666666664,Low Risk
4,23.9,97.5,19.5,19.5,1,0,0.45666666666666667,45.666666666666664,Medium Risk
63,102.6,6296.75,98.38671875,98.38671875,0,1,0.19333333333333333,19.333333333333332,Low Risk
50,35.0,1782.4,34.94901960784314,34.94901960784314,0,0,0.043333333333333335,4.333333333333334,Low Risk
1,80.5,80.5,40.25,40.25,1,1,0.6316871715715668,63.168717157156685,Medium Risk
70,74.1,5222.3,73.55352112676057,73.55352112676057,0,1,0.043333333333333335,4.333333333333334,Low Risk
72,76.8,5468.45,74.91027397260274,74.91027397260274,0,1,0.0033333333333333335,0.33333333333333337,Low Risk
35,60.55,1982.6,55.07222222222222,55.07222222222222,0,0,0.07666666666666666,7.666666666666666,Low Risk
12,67.25,832.3,64.02307692307691,64.02307692307691,0,0,0.14,14.000000000000002,Low Risk
56,109.8,6109.65,107.18684210526315,107.18684210526315,0,1,0.41333333333333333,41.333333333333336,Medium Risk
12,73.75,871.4,67.03076923076922,67.03076923076922,0,1,0.30666666666666664,30.666666666666664,Medium Risk
36,55.8,1941.5,52.472972972972975,52.472972972972975,0,0,0.08666666666666667,8.666666666666668,Low Risk
40,105.75,4228.55,103.13536585365854,103.13536585365854,0,1,0.49,49.0,Medium Risk
3,19.6,59.75,14.9375,14.9375,1,0,0.21,21.0,Low Risk
40,103.75,4188.4,102.1560975609756,102.1560975609756,0,1,0.5533333333333333,55.333333333333336,Medium Risk
67,70.9,4677.1,68.78088235294118,68.78088235294118,0,1,0.04666666666666667,4.666666666666667,Low Risk
67,72.35,4991.5,73.40441176470588,73.40441176470588,0,1,0.08,8.0,Low Risk
7,66.85,458.1,57.2625,57.2625,1,0,0.29333333333333333,29.333333333333332,Low Risk
3,90.4,268.45,67.1125,67.1125,1,1,0.62,62.0,Medium Risk
42,100.3,4222.95,98.20813953488371,98.20813953488371,0,1,0.5066666666666667,50.66666666666667,Medium Risk
40,26.2,1077.5,26.28048780487805,26.28048780487805,0,0,0.023333333333333334,2.3333333333333335,Low Risk
53,94.0,4871.45,90.21203703703704,90.21203703703704,0,1,0.44333333333333336,44.333333333333336,Medium Risk
3,19.55,61.05,15.2625,15.2625,1,0,0.043333333333333335,4.333333333333334,Low Risk
9,90.1,816.8,81.67999999999999,81.67999999999999,1,1,0.5433333333333333,54.333333333333336,Medium Risk
72,20.1,1326.25,18.16780821917808,18.16780821917808,0,0,0.013333333333333334,1.3333333333333335,Low Risk
46,85.0,3969.4,84.45531914893617,84.45531914893617,0,1,0.43666666666666665,43.666666666666664,Medium Risk
61,24.1,1551.6,25.0258064516129,25.0258064516129,0,0,0.0,0.0,Low Risk
54,69.95,3871.85,70.39727272727272,70.39727272727272,0,0,0.006666666666666667,0.6666666666666667,Low Risk
11,41.6,470.6,39.21666666666667,39.21666666666667,1,0,0.21666666666666667,21.666666666666668,Low Risk
29,19.55,521.8,17.39333333333333,17.39333333333333,0,0,0.0,0.0,Low Risk
67,111.3,7482.1,110.03088235294118,110.03088235294118,0,1,0.07,7.000000000000001,Low Risk
49,97.95,4917.9,98.35799999999999,98.35799999999999,0,1,0.04666666666666667,4.666666666666667,Low Risk
72,100.55,7325.1,100.34383561643835,100.34383561643835,0,1,0.006666666666666667,0.6666666666666667,Low Risk
71,87.25,6328.7,87.89861111111111,87.89861111111111,0,1,0.016666666666666666,1.6666666666666667,Low Risk
44,74.85,3268.05,72.62333333333333,72.62333333333333,0,1,0.2966666666666667,29.666666666666668,Low Risk
41,60.3,2511.3,59.792857142857144,59.792857142857144,0,0,0.043333333333333335,4.333333333333334,Low Risk
11,58.95,601.6,50.13333333333333,50.13333333333333,1,0,0.11,11.0,Low Risk
13,19.3,279.3,19.95,19.95,0,0,0.0033333333333333335,0.33333333333333337,Low Risk
55,88.8,4805.3,85.80892857142858,85.80892857142858,0,1,0.10666666666666667,10.666666666666668,Low Risk
11,48.55,501.0,41.75,41.75,1,0,0.17666666666666667,17.666666666666668,Low Risk
48,45.55,2108.35,43.02755102040816,43.02755102040816,0,0,0.01,1.0,Low Risk
31,81.7,2548.65,79.6453125,79.6453125,0,1,0.22666666666666666,22.666666666666664,Low Risk
63,109.2,7049.75,110.15234375,110.15234375,0,1,0.07333333333333333,7.333333333333333,Low Risk
61,65.2,3965.05,63.95241935483871,63.95241935483871,0,0,0.0,0.0,Low Risk
72,24.25,1784.5,24.445205479452056,24.445205479452056,0,0,0.0,0.0,Low Risk
53,108.25,5935.1,109.90925925925927,109.90925925925927,0,1,0.25,25.0,Low Risk
7,48.2,340.35,42.54375,42.54375,1,0,0.6266666666666667,62.66666666666667,Medium Risk
28,81.05,2227.1,76.79655172413793,76.79655172413793,0,1,0.1,10.0,Low Risk
16,72.65,1194.3,70.25294117647059,70.25294117647059,0,1,0.10666666666666667,10.666666666666668,Low Risk
7,71.05,472.65,59.08125,59.08125,1,1,0.38333333333333336,38.333333333333336,Medium Risk
5,64.0,370.25,61.708333333333336,61.708333333333336,1,0,0.14666666666666667,14.666666666666666,Low Risk
71,23.9,1663.5,23.104166666666668,23.104166666666668,0,0,0.006666666666666667,0.6666666666666667,Low Risk
7,34.5,279.25,34.90625,34.90625,1,0,0.17333333333333334,17.333333333333336,Low Risk
11,111.4,1183.05,98.58749999999999,98.58749999999999,1,1,0.82,82.0,High Risk
52,63.9,3334.95,62.92358490566038,62.92358490566038,0,0,0.0,0.0,Low Risk
49,67.4,3306.85,66.137,66.137,0,0,0.023333333333333334,2.3333333333333335,Low Risk
19,18.8,279.2,13.959999999999999,13.959999999999999,0,0,0.006666666666666667,0.6666666666666667,Low Risk
2,80.95,171.15,57.050000000000004,57.050000000000004,1,1,0.7033333333333334,70.33333333333334,High Risk
52,95.65,5088.4,96.00754716981132,96.00754716981132,0,1,0.16666666666666666,16.666666666666664,Low Risk
23,84.25,1968.1,82.00416666666666,82.00416666666666,0,1,0.15,15.0,Low Risk
8,69.7,572.85,63.650000000000006,63.650000000000006,1,0,0.20666666666666667,20.666666666666668,Low Risk
65,103.9,6767.1,102.53181818181818,102.53181818181818,0,1,0.24333333333333335,24.333333333333336,Low Risk
2,55.3,108.65,36.21666666666667,36.21666666666667,1,0,0.7633333333333333,76.33333333333333,High Risk
62,23.65,1416.75,22.488095238095237,22.488095238095237,0,0,0.0033333333333333335,0.33333333333333337,Low Risk
3,89.85,244.45,61.1125,61.1125,1,1,0.36666666666666664,36.666666666666664,Medium Risk
49,93.65,4520.15,90.40299999999999,90.40299999999999,0,1,0.5766666666666667,57.666666666666664,Medium Risk
15,69.0,994.8,62.175,62.175,0,0,0.42,42.0,Medium Risk
41,20.25,865.0,20.595238095238095,20.595238095238095,0,0,0.023333333333333334,2.3333333333333335,Low Risk
46,104.45,4863.85,103.48617021276597,103.48617021276597,0,1,0.22,22.0,Low Risk
56,25.95,1444.05,25.33421052631579,25.33421052631579,0,0,0.023333333333333334,2.3333333333333335,Low Risk
48,95.4,4445.3,90.7204081632653,90.7204081632653,0,1,0.26,26.0,Low Risk
2,70.7,129.2,43.06666666666666,43.06666666666666,1,1,0.6424488226245415,64.24488226245415,Medium Risk
72,23.75,1679.25,23.003424657534246,23.003424657534246,0,0,0.016666666666666666,1.6666666666666667,Low Risk
45,78.8,3597.5,78.20652173913044,78.20652173913044,0,1,0.03333333333333333,3.3333333333333335,Low Risk
37,62.8,2278.75,59.9671052631579,59.9671052631579,0,0,0.23,23.0,Low Risk
61,89.2,5500.6,88.71935483870968,88.71935483870968,0,1,0.04,4.0,Low Risk
60,20.6,1093.0,17.918032786885245,17.918032786885245,0,0,0.08,8.0,Low Risk
2,50.15,115.1,38.36666666666667,38.36666666666667,1,0,0.6649331323438467,66.49331323438467,Medium Risk
63,75.55,4707.85,73.56015625,73.56015625,0,1,0.06666666666666667,6.666666666666667,Low Risk
4,84.6,360.1,72.02000000000001,72.02000000000001,1,1,0.7433333333333333,74.33333333333333,High Risk
62,102.0,6529.25,103.63888888888889,103.63888888888889,0,1,0.18666666666666668,18.666666666666668,Low Risk
62,92.05,5755.8,91.36190476190477,91.36190476190477,0,1,0.06666666666666667,6.666666666666667,Low Risk
69,97.65,6743.55,96.33642857142857,96.33642857142857,0,1,0.006666666666666667,0.6666666666666667,Low Risk
4,105.65,443.9,88.78,88.78,1,1,0.54,54.0,Medium Risk
49,56.3,2780.6,55.611999999999995,55.611999999999995,0,0,0.06,6.0,Low Risk
51,81.15,4126.2,79.35,79.35,0,1,0.056666666666666664,5.666666666666666,Low Risk
26,44.65,1156.55,42.83518518518518,42.83518518518518,0,0,0.03,3.0,Low Risk
9,43.75,405.7,40.57,40.57,1,0,0.6966666666666667,69.66666666666667,Medium Risk
57,94.7,5468.95,94.29224137931034,94.29224137931034,0,1,0.28,28.000000000000004,Low Risk
37,19.5,805.2,21.189473684210526,21.189473684210526,0,0,0.20333333333333334,20.333333333333332,Low Risk
30,97.0,3021.3,97.46129032258065,97.46129032258065,0,1,0.6433333333333333,64.33333333333333,Medium Risk
70,107.9,7475.85,105.29366197183099,105.29366197183099,0,1,0.2833333333333333,28.333333333333332,Low Risk
22,89.4,2001.5,87.02173913043478,87.02173913043478,0,1,0.5766666666666667,57.666666666666664,Medium Risk
39,48.95,1880.85,47.021249999999995,47.021249999999995,0,0,0.12,12.0,Low Risk
33,80.6,2656.5,78.13235294117646,78.13235294117646,0,1,0.02,2.0,Low Risk
60,116.6,7049.5,115.56557377049181,115.56557377049181,0,1,0.07666666666666666,7.666666666666666,Low Risk
1,19.45,19.45,9.725,9.725,1,0,0.7690305595521305,76.90305595521305,High Risk
12,58.35,740.55,56.965384615384615,56.965384615384615,0,0,0.38,38.0,Medium Risk
51,19.95,1028.75,19.783653846153847,19.783653846153847,0,0,0.0,0.0,Low Risk
22,80.15,1790.65,77.85434782608696,77.85434782608696,0,1,0.16,16.0,Low Risk
1,18.8,18.8,9.4,9.4,1,0,0.6693711033352882,66.93711033352882,Medium Risk
39,100.0,3835.55,95.88875,95.88875,0,1,0.21,21.0,Low Risk
4,93.5,362.2,72.44,72.44,1,1,0.6233333333333333,62.33333333333333,Medium Risk
39,80.45,3201.55,80.03875000000001,80.03875000000001,0,1,0.15666666666666668,15.666666666666668,Low Risk
69,84.9,5785.65,82.65214285714285,82.65214285714285,0,1,0.013333333333333334,1.3333333333333335,Low Risk
8,64.4,581.7,64.63333333333334,64.63333333333334,1,0,0.08333333333333333,8.333333333333332,Low Risk
68,25.05,1629.2,23.61159420289855,23.61159420289855,0,0,0.0033333333333333335,0.33333333333333337,Low Risk
2,70.75,154.85,51.61666666666667,51.61666666666667,1,1,0.19,19.0,Low Risk
24,39.1,971.3,38.852,38.852,0,0,0.12333333333333334,12.333333333333334,Low Risk
42,50.25,2203.65,51.24767441860465,51.24767441860465,0,0,0.22666666666666666,22.666666666666664,Low Risk
59,80.1,4693.2,78.22,78.22,0,1,0.0,0.0,Low Risk
1,80.0,80.0,40.0,40.0,1,1,1.0,100.0,High Risk
46,35.05,1620.25,34.473404255319146,34.473404255319146,0,0,0.09,9.0,Low Risk
4,29.65,118.5,23.7,23.7,1,0,0.03666666666666667,3.6666666666666665,Low Risk
11,20.45,250.8,20.900000000000002,20.900000000000002,1,0,0.19,19.0,Low Risk
59,66.4,3958.2,65.97,65.97,0,0,0.0,0.0,Low Risk
53,60.6,3297.0,61.05555555555556,61.05555555555556,0,0,0.06,6.0,Low Risk
3,54.2,140.4,35.1,35.1,1,0,0.47333333333333333,47.333333333333336,Medium Risk
72,25.25,1841.2,25.221917808219178,25.221917808219178,0,0,0.0,0.0,Low Risk
9,18.95,185.6,18.56,18.56,1,0,0.013333333333333334,1.3333333333333335,Low Risk
24,20.8,469.65,18.785999999999998,18.785999999999998,0,0,0.03,3.0,Low Risk
45,86.1,3861.45,83.9445652173913,83.9445652173913,0,1,0.24333333333333335,24.333333333333336,Low Risk
49,40.65,2070.75,41.415,41.415,0,0,0.16666666666666666,16.666666666666664,Low Risk
61,24.4,1417.9,22.86935483870968,22.86935483870968,0,0,0.03,3.0,Low Risk
2,70.3,144.0,48.0,48.0,1,0,0.32666666666666666,32.666666666666664,Medium Risk
5,85.4,425.9,70.98333333333333,70.98333333333333,1,1,0.7433333333333333,74.33333333333333,High Risk
2,42.6,72.4,24.133333333333336,24.133333333333336,1,0,0.4597239303455026,45.97239303455026,Medium Risk
25,81.75,2028.8,78.03076923076922,78.03076923076922,0,1,0.37666666666666665,37.666666666666664,Medium Risk
60,106.15,6411.25,105.10245901639344,105.10245901639344,0,1,0.4066666666666667,40.666666666666664,Medium Risk
51,110.05,5686.4,109.35384615384615,109.35384615384615,0,1,0.16666666666666666,16.666666666666664,Low Risk
2,56.7,113.55,37.85,37.85,1,0,0.6666666666666666,66.66666666666666,Medium Risk
62,103.75,6383.35,101.32301587301588,101.32301587301588,0,1,0.33,33.0,Medium Risk
52,81.4,4354.45,82.15943396226415,82.15943396226415,0,1,0.4066666666666667,40.666666666666664,Medium Risk
68,76.9,5023.0,72.79710144927536,72.79710144927536,0,1,0.09666666666666666,9.666666666666666,Low Risk
22,84.15,1821.95,79.21521739130435,79.21521739130435,0,1,0.37,37.0,Medium Risk
1,25.05,25.05,12.525,12.525,1,0,0.35594842233194024,35.59484223319402,Medium Risk
3,41.15,132.2,33.05,33.05,1,0,0.58,57.99999999999999,Medium Risk
16,96.4,1581.2,93.01176470588236,93.01176470588236,0,1,0.7633333333333333,76.33333333333333,High Risk
32,74.4,2276.95,68.99848484848485,68.99848484848485,0,1,0.29333333333333333,29.333333333333332,Low Risk
50,24.9,1195.25,23.436274509803923,23.436274509803923,0,0,0.09333333333333334,9.333333333333334,Low Risk
1,48.75,48.75,24.375,24.375,1,0,0.9533333333333334,95.33333333333334,High Risk
6,83.9,497.55,71.07857142857144,71.07857142857144,1,1,0.67,67.0,Medium Risk
1,50.75,50.75,25.375,25.375,1,0,0.04666666666666667,4.666666666666667,Low Risk
29,20.2,558.8,18.626666666666665,18.626666666666665,0,0,0.0,0.0,Low Risk
1,19.3,19.3,9.65,9.65,1,0,0.4361422641572261,43.61422641572261,Medium Risk
58,95.3,5817.7,98.60508474576271,98.60508474576271,0,1,0.5266666666666666,52.666666666666664,Medium Risk
35,76.05,2747.2,76.3111111111111,76.3111111111111,0,1,0.21666666666666667,21.666666666666668,Low Risk
43,19.55,876.15,19.912499999999998,19.912499999999998,0,0,0.0,0.0,Low Risk
41,50.05,2029.05,48.31071428571428,48.31071428571428,0,0,0.01,1.0,Low Risk
47,19.3,890.5,18.552083333333332,18.552083333333332,0,0,0.0033333333333333335,0.33333333333333337,Low Risk
33,100.0,3320.6,97.66470588235293,97.66470588235293,0,1,0.5166666666666667,51.66666666666667,Medium Risk
67,20.5,1430.95,21.043382352941176,21.043382352941176,0,0,0.0,0.0,Low Risk
72,19.4,1496.45,20.49931506849315,20.49931506849315,0,0,0.02,2.0,Low Risk
50,54.9,2614.1,51.25686274509804,51.25686274509804,0,0,0.25,25.0,Low Risk
49,49.8,2398.4,47.968,47.968,0,0,0.07333333333333333,7.333333333333333,Low Risk
4,74.35,265.35,53.07000000000001,53.07000000000001,1,1,0.58,57.99999999999999,Medium Risk
61,94.15,5731.85,92.4491935483871,92.4491935483871,0,1,0.12,12.0,Low Risk
7,20.65,150.0,18.75,18.75,1,0,0.0,0.0,Low Risk
14,90.45,1266.1,84.40666666666667,84.40666666666667,0,1,0.71,71.0,High Risk
26,73.05,1959.5,72.57407407407408,72.57407407407408,0,1,0.16666666666666666,16.666666666666664,Low Risk
35,70.55,2419.0,67.19444444444444,67.19444444444444,0,1,0.18666666666666668,18.666666666666668,Low Risk
54,99.1,5437.1,98.85636363636364,98.85636363636364,0,1,0.5033333333333333,50.33333333333333,Medium Risk
8,95.65,778.1,86.45555555555556,86.45555555555556,1,1,0.92,92.0,High Risk
1,71.65,71.65,35.825,35.825,1,1,0.9866666666666667,98.66666666666667,High Risk
67,100.25,6689.0,98.36764705882354,98.36764705882354,0,1,0.12,12.0,Low Risk
24,19.75,498.1,19.924,19.924,0,0,0.03333333333333333,3.3333333333333335,Low Risk
64,24.9,1595.5,24.546153846153846,24.546153846153846,0,0,0.006666666666666667,0.6666666666666667,Low Risk
34,79.6,2718.3,77.66571428571429,77.66571428571429,0,1,0.15,15.0,Low Risk
8,19.9,153.95,17.105555555555554,17.105555555555554,1,0,0.22666666666666666,22.666666666666664,Low Risk
6,20.2,123.65,17.664285714285715,17.664285714285715,1,0,0.08,8.0,Low Risk
13,99.0,1301.7,92.97857142857143,92.97857142857143,0,1,0.5766666666666667,57.666666666666664,Medium Risk
62,24.25,1424.6,22.61269841269841,22.61269841269841,0,0,0.0,0.0,Low Risk
34,100.05,3480.0,99.42857142857143,99.42857142857143,0,1,0.5333333333333333,53.333333333333336,Medium Risk
9,99.3,918.75,91.875,91.875,1,1,0.9666666666666667,96.66666666666667,High Risk
22,20.3,467.15,20.31086956521739,20.31086956521739,0,0,0.0033333333333333335,0.33333333333333337,Low Risk
40,55.25,2139.2,52.17560975609756,52.17560975609756,0,0,0.45666666666666667,45.666666666666664,Medium Risk
35,100.5,3653.35,101.48194444444444,101.48194444444444,0,1,0.5266666666666666,52.666666666666664,Medium Risk
7,23.5,173.0,21.625,21.625,1,0,0.07333333333333333,7.333333333333333,Low Risk
32,19.8,587.7,17.809090909090912,17.809090909090912,0,0,0.013333333333333334,1.3333333333333335,Low Risk
61,19.75,1124.2,18.13225806451613,18.13225806451613,0,0,0.17,17.0,Low Risk
2,20.75,44.2,14.733333333333334,14.733333333333334,1,0,0.1,10.0,Low Risk
56,103.2,5744.35,100.7780701754386,100.7780701754386,0,1,0.35,35.0,Medium Risk
65,106.25,6979.8,105.75454545454545,105.75454545454545,0,1,0.6866666666666666,68.66666666666667,Medium Risk
28,49.9,1410.25,48.62931034482759,48.62931034482759,0,0,0.09666666666666666,9.666666666666666,Low Risk
18,69.5,1199.4,63.126315789473686,63.126315789473686,0,0,0.21666666666666667,21.666666666666668,Low Risk
71,90.55,6239.05,86.65347222222222,86.65347222222222,0,1,0.0033333333333333335,0.33333333333333337,Low Risk
72,88.6,6201.95,84.95821917808219,84.95821917808219,0,1,0.0,0.0,Low Risk
1,76.45,76.45,38.225,38.225,1,1,0.9966666666666667,99.66666666666667,High Risk
1,19.75,19.75,9.875,9.875,1,0,0.304731899536319,30.473189953631902,Medium Risk
34,20.35,673.2,19.234285714285715,19.234285714285715,0,0,0.0,0.0,Low Risk
8,87.05,762.1,84.67777777777778,84.67777777777778,1,1,0.6,60.0,Medium Risk
47,106.4,5127.95,106.83229166666666,106.83229166666666,0,1,0.68,68.0,Medium Risk
72,24.05,1709.15,23.413013698630138,23.413013698630138,0,0,0.013333333333333334,1.3333333333333335,Low Risk
52,25.05,1270.25,23.96698113207547,23.96698113207547,0,0,0.0033333333333333335,0.33333333333333337,Low Risk
3,19.85,64.55,16.1375,16.1375,1,0,0.5233333333333333,52.33333333333333,Medium Risk
60,37.7,2288.7,37.51967213114754,37.51967213114754,0,0,0.04,4.0,Low Risk
3,96.6,291.9,72.975,72.975,1,1,0.7733333333333333,77.33333333333333,High Risk
19,86.0,1532.45,76.6225,76.6225,0,1,0.3466666666666667,34.66666666666667,Medium Risk
1,69.9,69.9,34.95,34.95,1,0,0.978786078191254,97.87860781912539,High Risk
6,105.3,545.2,77.88571428571429,77.88571428571429,1,1,0.66,66.0,Medium Risk
49,59.6,2970.3,59.406000000000006,59.406000000000006,0,0,0.42,42.0,Medium Risk
22,90.5,1910.6,83.0695652173913,83.0695652173913,0,1,0.6666666666666666,66.66666666666666,Medium Risk
42,19.05,761.85,17.717441860465115,17.717441860465115,0,0,0.0,0.0,Low Risk
46,98.85,4564.9,97.12553191489361,97.12553191489361,0,1,0.27,27.0,Low Risk
68,39.9,2796.35,40.5268115942029,40.5268115942029,0,0,0.03333333333333333,3.3333333333333335,Low Risk
2,20.5,38.25,12.75,12.75,1,0,0.11611919106573998,11.611919106573998,Low Risk
0,20.25,1397.475,1397.475,1397.475,1,0,0.023333333333333334,2.3333333333333335,Low Risk
35,72.25,2568.55,71.34861111111111,71.34861111111111,0,1,0.3466666666666667,34.66666666666667,Medium Risk
2,19.5,27.55,9.183333333333334,9.183333333333334,1,0,0.4465991396731812,44.65991396731812,Medium Risk
68,62.65,4375.8,63.41739130434783,63.41739130434783,0,0,0.0033333333333333335,0.33333333333333337,Low Risk
16,75.4,1189.4,69.96470588235294,69.96470588235294,0,1,0.17666666666666667,17.666666666666668,Low Risk
72,110.9,8240.85,112.88835616438357,112.88835616438357,0,1,0.07333333333333333,7.333333333333333,Low Risk
37,94.3,3460.95,91.07763157894736,91.07763157894736,0,1,0.4266666666666667,42.66666666666667,Medium Risk
53,25.55,1336.1,24.74259259259259,24.74259259259259,0,0,0.06,6.0,Low Risk
40,83.85,3532.25,86.15243902439025,86.15243902439025,0,1,0.37,37.0,Medium Risk
46,94.15,4408.45,93.7968085106383,93.7968085106383,0,1,0.15,15.0,Low Risk
3,100.95,329.95,82.4875,82.4875,1,1,0.5366666666666666,53.666666666666664,Medium Risk
1,75.3,75.3,37.65,37.65,1,1,0.9702060989437128,97.02060989437128,High Risk
7,19.25,112.3,14.0375,14.0375,1,0,0.0,0.0,Low Risk
6,30.5,208.7,29.814285714285713,29.814285714285713,1,0,0.17,17.0,Low Risk
46,89.15,4245.55,90.3308510638298,90.3308510638298,0,1,0.18333333333333332,18.333333333333332,Low Risk
54,70.15,3715.65,67.55727272727273,67.55727272727273,0,0,0.10666666666666667,10.666666666666668,Low Risk
15,79.4,1156.1,72.25625,72.25625,0,1,0.19333333333333333,19.333333333333332,Low Risk
3,85.3,264.8,66.2,66.2,1,1,0.88,88.0,High Risk
70,20.05,1360.25,19.158450704225352,19.158450704225352,0,0,0.0,0.0,Low Risk
39,100.55,3895.35,97.38374999999999,97.38374999999999,0,1,0.4166666666666667,41.66666666666667,Medium Risk
2,20.0,38.0,12.666666666666666,12.666666666666666,1,0,0.011935287791649133,1.1935287791649132,Low Risk
18,75.6,1395.05,73.42368421052632,73.42368421052632,0,1,0.17333333333333334,17.333333333333336,Low Risk
72,25.1,1789.9,24.519178082191782,24.519178082191782,0,0,0.0,0.0,Low Risk
47,55.3,2654.05,55.29270833333334,55.29270833333334,0,0,0.013333333333333334,1.3333333333333335,Low Risk
22,19.9,400.3,17.40434782608696,17.40434782608696,0,0,0.04,4.0,Low Risk
71,89.9,6457.15,89.68263888888889,89.68263888888889,0,1,0.006666666666666667,0.6666666666666667,Low Risk
8,74.85,572.45,63.60555555555556,63.60555555555556,1,1,0.53,53.0,Medium Risk
71,19.9,1389.35,19.296527777777776,19.296527777777776,0,0,0.0,0.0,Low Risk
53,94.45,5042.75,93.38425925925925,93.38425925925925,0,1,0.21666666666666667,21.666666666666668,Low Risk
37,72.25,2575.45,67.77499999999999,67.77499999999999,0,1,0.043333333333333335,4.333333333333334,Low Risk
64,70.15,4480.7,68.93384615384615,68.93384615384615,0,0,0.66,66.0,Medium Risk
5,48.65,235.2,39.199999999999996,39.199999999999996,1,0,0.6266666666666667,62.66666666666667,Medium Risk
60,104.7,6333.8,103.83278688524591,103.83278688524591,0,1,0.16,16.0,Low Risk
2,50.3,92.75,30.916666666666668,30.916666666666668,1,0,0.83826646567718,83.826646567718,High Risk
25,54.2,1423.15,54.736538461538466,54.736538461538466,0,0,0.03666666666666667,3.6666666666666665,Low Risk
6,19.7,113.5,16.214285714285715,16.214285714285715,1,0,0.023333333333333334,2.3333333333333335,Low Risk
60,110.6,6586.85,107.98114754098361,107.98114754098361,0,1,0.05333333333333334,5.333333333333334,Low Risk
30,100.2,2983.8,96.25161290322582,96.25161290322582,0,1,0.32666666666666666,32.666666666666664,Medium Risk
67,49.35,3321.35,48.84338235294118,48.84338235294118,0,0,0.28,28.000000000000004,Low Risk
53,24.05,1301.9,24.10925925925926,24.10925925925926,0,0,0.006666666666666667,0.6666666666666667,Low Risk
10,55.2,528.35,48.03181818181818,48.03181818181818,1,0,0.05,5.0,Low Risk
1,52.2,52.2,26.1,26.1,1,0,0.6872152007946736,68.72152007946735,Medium Risk
55,54.55,2978.3,53.183928571428574,53.183928571428574,0,0,0.13333333333333333,13.333333333333334,Low Risk
70,84.7,5991.05,84.38098591549296,84.38098591549296,0,1,0.0,0.0,Low Risk
34,50.2,1815.3,51.86571428571428,51.86571428571428,0,0,0.0033333333333333335,0.33333333333333337,Low Risk
68,110.25,7279.35,105.49782608695652,105.49782608695652,0,1,0.18,18.0,Low Risk
59,109.15,6557.75,109.29583333333333,109.29583333333333,0,1,0.03666666666666667,3.6666666666666665,Low Risk
9,74.85,708.2,70.82000000000001,70.82000000000001,1,1,0.7033333333333334,70.33333333333334,High Risk
6,80.5,463.05,66.15,66.15,1,1,0.65,65.0,Medium Risk
50,103.95,5231.3,102.57450980392157,102.57450980392157,0,1,0.21333333333333335,21.333333333333336,Low Risk
72,92.45,6440.25,88.22260273972603,88.22260273972603,0,1,0.0,0.0,Low Risk
41,53.95,2215.4,52.74761904761905,52.74761904761905,0,0,0.26,26.0,Low Risk
4,50.8,202.3,40.46,40.46,1,0,0.5333333333333333,53.333333333333336,Medium Risk
47,40.3,1794.8,37.391666666666666,37.391666666666666,0,0,0.02,2.0,Low Risk
62,94.95,5791.85,91.93412698412699,91.93412698412699,0,1,0.006666666666666667,0.6666666666666667,Low Risk
18,20.45,357.0,18.789473684210527,18.789473684210527,0,0,0.01,1.0,Low Risk
3,75.85,256.6,64.15,64.15,1,1,0.4266666666666667,42.66666666666667,Medium Risk
65,25.1,1725.0,26.136363636363637,26.136363636363637,0,0,0.0033333333333333335,0.33333333333333337,Low Risk
59,85.55,5084.65,84.74416666666666,84.74416666666666,0,1,0.0033333333333333335,0.33333333333333337,Low Risk
60,70.15,4224.7,69.25737704918032,69.25737704918032,0,0,0.14333333333333334,14.333333333333334,Low Risk
10,20.55,187.35,17.03181818181818,17.03181818181818,1,0,0.016666666666666666,1.6666666666666667,Low Risk
7,38.55,280.0,35.0,35.0,1,0,0.3,30.0,Medium Risk
28,91.0,2626.15,90.55689655172414,90.55689655172414,0,1,0.8433333333333334,84.33333333333334,High Risk
29,79.3,2414.55,80.485,80.485,0,1,0.49,49.0,Medium Risk
0,19.7,1397.475,1397.475,1397.475,1,0,0.03,3.0,Low Risk
37,64.65,2347.85,61.78552631578947,61.78552631578947,0,0,0.6566666666666666,65.66666666666666,Medium Risk
45,24.65,1138.8,24.756521739130434,24.756521739130434,0,0,0.0,0.0,Low Risk
61,79.8,4914.8,79.2709677419355,79.2709677419355,0,1,0.0033333333333333335,0.33333333333333337,Low Risk
64,19.45,1208.6,18.59384615384615,18.59384615384615,0,0,0.0033333333333333335,0.33333333333333337,Low Risk
63,91.35,5764.7,90.0734375,90.0734375,0,1,0.23,23.0,Low Risk
37,76.5,2868.15,75.47763157894737,75.47763157894737,0,1,0.43,43.0,Medium Risk
72,24.3,1778.7,24.365753424657534,24.365753424657534,0,0,0.0,0.0,Low Risk
66,89.9,5958.85,88.93805970149255,88.93805970149255,0,1,0.13333333333333333,13.333333333333334,Low Risk
1,95.65,95.65,47.825,47.825,1,1,0.7566666666666667,75.66666666666667,High Risk
9,79.75,769.1,76.91,76.91,1,1,0.5366666666666666,53.666666666666664,Medium Risk
1,25.35,25.35,12.675,12.675,1,0,0.31487651068418165,31.487651068418167,Medium Risk
4,99.8,442.85,88.57000000000001,88.57000000000001,1,1,0.7933333333333333,79.33333333333333,High Risk
38,74.95,2869.85,73.58589743589744,73.58589743589744,0,1,0.15,15.0,Low Risk
44,61.9,2924.05,64.97888888888889,64.97888888888889,0,0,0.18666666666666668,18.666666666666668,Low Risk
22,54.7,1178.75,51.25,51.25,0,0,0.6466666666666666,64.66666666666666,Medium Risk
53,106.95,5785.5,107.13888888888889,107.13888888888889,0,1,0.45,45.0,Medium Risk
23,90.45,2117.25,88.21875,88.21875,0,1,0.4,40.0,Medium Risk
20,18.9,347.65,16.554761904761904,16.554761904761904,0,0,0.14666666666666667,14.666666666666666,Low Risk
51,24.75,1234.6,23.74230769230769,23.74230769230769,0,0,0.006666666666666667,0.6666666666666667,Low Risk
62,20.65,1218.45,19.340476190476192,19.340476190476192,0,0,0.0033333333333333335,0.33333333333333337,Low Risk
7,18.95,130.55,16.31875,16.31875,1,0,0.02,2.0,Low Risk
17,83.55,1329.15,73.84166666666667,73.84166666666667,0,1,0.7133333333333334,71.33333333333334,High Risk
41,70.2,2894.55,68.91785714285714,68.91785714285714,0,0,0.58,57.99999999999999,Medium Risk
7,94.05,633.45,79.18125,79.18125,1,1,0.8233333333333334,82.33333333333334,High Risk
1,50.05,50.05,25.025,25.025,1,0,0.5784679793100055,57.84679793100055,Medium Risk
64,58.35,3756.45,57.79153846153846,57.79153846153846,0,0,0.013333333333333334,1.3333333333333335,Low Risk
3,75.5,220.6,55.15,55.15,1,1,0.5666666666666667,56.666666666666664,Medium Risk
50,71.05,3444.85,67.54607843137255,67.54607843137255,0,1,0.02,2.0,Low Risk
18,56.8,1074.65,56.56052631578948,56.56052631578948,0,0,0.09666666666666666,9.666666666666666,Low Risk
13,55.95,734.35,52.45357142857143,52.45357142857143,0,0,0.12666666666666668,12.666666666666668,Low Risk
69,80.65,5542.55,79.17928571428571,79.17928571428571,0,1,0.006666666666666667,0.6666666666666667,Low Risk
1,79.15,79.15,39.575,39.575,1,1,1.0,100.0,High Risk
4,90.65,367.95,73.59,73.59,1,1,0.9733333333333334,97.33333333333334,High Risk
1,53.5,53.5,26.75,26.75,1,0,0.5879258779860046,58.79258779860046,Medium Risk
25,53.65,1355.45,52.13269230769231,52.13269230769231,0,0,0.02,2.0,Low Risk
18,55.95,1082.8,56.98947368421052,56.98947368421052,0,0,0.1,10.0,Low Risk
48,23.55,1173.35,23.945918367346938,23.945918367346938,0,0,0.0,0.0,Low Risk
26,20.65,595.5,22.055555555555557,22.055555555555557,0,0,0.0,0.0,Low Risk
1,69.1,69.1,34.55,34.55,1,0,1.0,100.0,High Risk
4,57.2,223.75,44.75,44.75,1,0,0.10666666666666667,10.666666666666668,Low Risk
1,20.3,20.3,10.15,10.15,1,0,0.4416166113440914,44.161661134409144,Medium Risk
11,74.35,834.2,69.51666666666667,69.51666666666667,1,1,0.5833333333333334,58.333333333333336,Medium Risk
4,61.45,229.55,45.910000000000004,45.910000000000004,1,0,0.02666666666666667,2.666666666666667,Low Risk
8,19.65,164.3,18.255555555555556,18.255555555555556,1,0,0.0033333333333333335,0.33333333333333337,Low Risk
6,90.75,512.25,73.17857142857143,73.17857142857143,1,1,0.8833333333333333,88.33333333333333,High Risk
72,92.0,6632.75,90.85958904109589,90.85958904109589,0,1,0.0,0.0,Low Risk
27,52.85,1498.65,53.52321428571429,53.52321428571429,0,0,0.16,16.0,Low Risk
1,71.0,71.0,35.5,35.5,1,1,0.8713606749641493,87.13606749641492,High Risk
17,20.15,353.65,19.647222222222222,19.647222222222222,0,0,0.03,3.0,Low Risk
66,68.75,4447.55,66.3813432835821,66.3813432835821,0,0,0.0,0.0,Low Risk
53,19.5,1050.5,19.453703703703702,19.453703703703702,0,0,0.2966666666666667,29.666666666666668,Low Risk
44,84.8,3626.35,80.58555555555556,80.58555555555556,0,1,0.19,19.0,Low Risk
52,20.85,1071.6,20.2188679245283,20.2188679245283,0,0,0.006666666666666667,0.6666666666666667,Low Risk
70,90.05,6333.4,89.20281690140844,89.20281690140844,0,1,0.03666666666666667,3.6666666666666665,Low Risk
1,25.75,25.75,12.875,12.875,1,0,0.5994555478298593,59.94555478298593,Medium Risk
61,94.1,5638.3,90.94032258064516,90.94032258064516,0,1,0.023333333333333334,2.3333333333333335,Low Risk
19,100.95,1875.55,93.7775,93.7775,0,1,0.7,70.0,High Risk
11,20.6,233.9,19.491666666666667,19.491666666666667,1,0,0.02666666666666667,2.666666666666667,Low Risk
26,85.75,2146.5,79.5,79.5,0,1,0.2866666666666667,28.666666666666668,Low Risk
60,19.85,1128.1,18.49344262295082,18.49344262295082,0,0,0.06666666666666667,6.666666666666667,Low Risk
1,84.85,84.85,42.425,42.425,1,1,0.9856977282567455,98.56977282567455,High Risk
26,92.4,2349.8,87.02962962962964,87.02962962962964,0,1,0.6133333333333333,61.33333333333333,Medium Risk
24,80.5,2088.45,83.538,83.538,0,1,0.3466666666666667,34.66666666666667,Medium Risk
22,100.05,2090.25,90.8804347826087,90.8804347826087,0,1,0.89,89.0,High Risk
51,98.85,4947.55,95.14519230769231,95.14519230769231,0,1,0.41333333333333333,41.333333333333336,Medium Risk
61,85.55,5251.75,84.70564516129032,84.70564516129032,0,1,0.0033333333333333335,0.33333333333333337,Low Risk
44,54.3,2390.45,53.121111111111105,53.121111111111105,0,0,0.39,39.0,Medium Risk
0,80.85,1397.475,1397.475,1397.475,1,1,0.24,24.0,Low Risk
5,75.65,399.45,66.575,66.575,1,1,0.20333333333333334,20.333333333333332,Low Risk
1,78.8,78.8,39.4,39.4,1,1,1.0,100.0,High Risk
26,61.55,1581.95,58.59074074074074,58.59074074074074,0,0,0.043333333333333335,4.333333333333334,Low Risk
15,84.35,1302.65,81.415625,81.415625,0,1,0.43,43.0,Medium Risk
4,80.35,307.4,61.48,61.48,1,1,0.4533333333333333,45.33333333333333,Medium Risk
12,84.6,959.9,73.83846153846153,73.83846153846153,0,1,0.21666666666666667,21.666666666666668,Low Risk
1,49.9,49.9,24.95,24.95,1,0,0.01,1.0,Low Risk
22,57.95,1271.8,55.29565217391304,55.29565217391304,0,0,0.25,25.0,Low Risk
49,49.65,2409.9,48.198,48.198,0,0,0.07,7.000000000000001,Low Risk
13,19.75,265.75,18.982142857142858,18.982142857142858,0,0,0.06,6.0,Low Risk
66,90.55,6130.95,91.50671641791044,91.50671641791044,0,1,0.016666666666666666,1.6666666666666667,Low Risk
62,39.0,2337.45,37.10238095238095,37.10238095238095,0,0,0.016666666666666666,1.6666666666666667,Low Risk
66,63.3,4189.7,62.53283582089552,62.53283582089552,0,0,0.0,0.0,Low Risk
3,35.2,108.95,27.2375,27.2375,1,0,0.66,66.0,Medium Risk
63,68.8,4111.35,64.23984375,64.23984375,0,0,0.016666666666666666,1.6666666666666667,Low Risk
15,19.35,278.85,17.428125,17.428125,0,0,0.05,5.0,Low Risk
43,94.1,4107.3,93.34772727272728,93.34772727272728,0,1,0.10666666666666667,10.666666666666668,Low Risk
65,109.05,7108.2,107.7,107.7,0,1,0.02,2.0,Low Risk
2,85.7,169.8,56.6,56.6,1,1,0.7666666666666667,76.66666666666667,High Risk
14,50.1,709.5,47.3,47.3,0,0,0.4,40.0,Medium Risk
68,109.05,7508.55,108.8195652173913,108.8195652173913,0,1,0.15,15.0,Low Risk
20,19.6,356.15,16.95952380952381,16.95952380952381,0,0,0.13,13.0,Low Risk
57,65.2,3687.85,63.58362068965517,63.58362068965517,0,0,0.0,0.0,Low Risk
72,19.8,1468.75,20.11986301369863,20.11986301369863,0,0,0.0,0.0,Low Risk
6,84.4,556.35,79.47857142857143,79.47857142857143,1,1,0.5766666666666667,57.666666666666664,Medium Risk
53,73.9,3958.25,73.30092592592592,73.30092592592592,0,1,0.16333333333333333,16.333333333333332,Low Risk
57,70.1,3913.3,67.47068965517242,67.47068965517242,0,0,0.02666666666666667,2.666666666666667,Low Risk
1,20.1,20.1,10.05,10.05,1,0,0.9793925129854089,97.93925129854088,High Risk
15,49.0,749.25,46.828125,46.828125,0,0,0.36666666666666664,36.666666666666664,Medium Risk
40,79.2,3233.85,78.87439024390244,78.87439024390244,0,1,0.24333333333333335,24.333333333333336,Low Risk
71,53.95,3888.65,54.00902777777778,54.00902777777778,0,0,0.22,22.0,Low Risk
13,45.3,528.45,37.746428571428574,37.746428571428574,0,0,0.31,31.0,Medium Risk
72,91.15,6637.9,90.93013698630136,90.93013698630136,0,1,0.01,1.0,Low Risk
52,95.7,4976.15,93.88962264150943,93.88962264150943,0,1,0.54,54.0,Medium Risk
63,81.15,5224.5,81.6328125,81.6328125,0,1,0.016666666666666666,1.6666666666666667,Low Risk
29,19.1,529.5,17.65,17.65,0,0,0.006666666666666667,0.6666666666666667,Low Risk
29,100.55,2878.75,95.95833333333333,95.95833333333333,0,1,0.30666666666666664,30.666666666666664,Medium Risk
3,20.75,67.1,16.775,16.775,1,0,0.17666666666666667,17.666666666666668,Low Risk
19,20.6,414.95,20.7475,20.7475,0,0,0.016666666666666666,1.6666666666666667,Low Risk
61,99.9,6241.35,100.66693548387097,100.66693548387097,0,1,0.4033333333333333,40.33333333333333,Medium Risk
10,54.25,583.0,53.0,53.0,1,0,0.07666666666666666,7.666666666666666,Low Risk
67,109.7,7344.45,108.00661764705882,108.00661764705882,0,1,0.06666666666666667,6.666666666666667,Low Risk
42,19.55,839.4,19.52093023255814,19.52093023255814,0,0,0.013333333333333334,1.3333333333333335,Low Risk
1,75.7,75.7,37.85,37.85,1,1,0.8533333333333334,85.33333333333334,High Risk
5,84.0,424.75,70.79166666666667,70.79166666666667,1,1,0.7133333333333334,71.33333333333334,High Risk
20,19.5,403.15,19.197619047619046,19.197619047619046,0,0,0.006666666666666667,0.6666666666666667,Low Risk
1,69.5,69.5,34.75,34.75,1,0,1.0,100.0,High Risk
6,78.95,494.95,70.70714285714286,70.70714285714286,1,1,0.24,24.0,Low Risk
34,106.35,3549.25,101.40714285714286,101.40714285714286,0,1,0.23,23.0,Low Risk
21,19.6,390.4,17.745454545454546,17.745454545454546,0,0,0.13,13.0,Low Risk
46,108.65,4903.2,104.32340425531915,104.32340425531915,0,1,0.38,38.0,Medium Risk
34,97.7,3410.0,97.42857142857143,97.42857142857143,0,1,0.4266666666666667,42.66666666666667,Medium Risk
29,45.0,1242.45,41.415,41.415,0,0,0.043333333333333335,4.333333333333334,Low Risk
27,80.65,2209.75,78.91964285714286,78.91964285714286,0,1,0.03666666666666667,3.6666666666666665,Low Risk
72,89.8,6510.45,89.18424657534246,89.18424657534246,0,1,0.0033333333333333335,0.33333333333333337,Low Risk
42,54.55,2455.05,57.09418604651163,57.09418604651163,0,0,0.24666666666666667,24.666666666666668,Low Risk
27,78.05,2135.5,76.26785714285714,76.26785714285714,0,1,0.3466666666666667,34.66666666666667,Medium Risk
66,66.1,4428.45,66.09626865671642,66.09626865671642,0,0,0.0,0.0,Low Risk
2,75.55,166.3,55.43333333333334,55.43333333333334,1,1,0.8033333333333333,80.33333333333333,High Risk
32,96.2,3183.4,96.46666666666667,96.46666666666667,0,1,0.4533333333333333,45.33333333333333,Medium Risk
14,74.95,1036.75,69.11666666666666,69.11666666666666,0,1,0.48333333333333334,48.333333333333336,Medium Risk
19,89.95,1682.4,84.12,84.12,0,1,0.56,56.00000000000001,Medium Risk
48,64.4,3035.35,61.945918367346934,61.945918367346934,0,0,0.023333333333333334,2.3333333333333335,Low Risk
4,73.9,280.85,56.17,56.17,1,1,0.7566666666666667,75.66666666666667,High Risk
57,89.85,4925.35,84.9198275862069,84.9198275862069,0,1,0.01,1.0,Low Risk
58,75.2,4300.8,72.89491525423729,72.89491525423729,0,1,0.07666666666666666,7.666666666666666,Low Risk
56,68.45,4014.0,70.42105263157895,70.42105263157895,0,0,0.023333333333333334,2.3333333333333335,Low Risk
69,19.75,1375.4,19.64857142857143,19.64857142857143,0,0,0.07,7.000000000000001,Low Risk
10,53.7,521.0,47.36363636363637,47.36363636363637,1,0,0.08333333333333333,8.333333333333332,Low Risk
3,80.0,241.3,60.325,60.325,1,1,0.7333333333333333,73.33333333333333,High Risk
35,26.2,954.9,26.525,26.525,0,0,0.023333333333333334,2.3333333333333335,Low Risk
11,19.25,180.3,15.025,15.025,1,0,0.013333333333333334,1.3333333333333335,Low Risk
56,100.55,5514.95,96.75350877192982,96.75350877192982,0,1,0.21333333333333335,21.333333333333336,Low Risk
51,24.95,1222.25,23.504807692307693,23.504807692307693,0,0,0.06333333333333334,6.333333333333334,Low Risk
36,90.85,3186.7,86.12702702702703,86.12702702702703,0,1,0.09333333333333334,9.333333333333334,Low Risk
5,20.45,106.9,17.816666666666666,17.816666666666666,1,0,0.08666666666666667,8.666666666666668,Low Risk
1,20.4,20.4,10.2,10.2,1,0,0.0,0.0,Low Risk
7,74.4,527.9,65.9875,65.9875,1,1,0.45,45.0,Medium Risk
69,53.65,3804.4,54.34857142857143,54.34857142857143,0,0,0.013333333333333334,1.3333333333333335,Low Risk
22,67.5,1544.05,67.13260869565217,67.13260869565217,0,0,0.2866666666666667,28.666666666666668,Low Risk
63,24.2,1618.2,25.284375,25.284375,0,0,0.0,0.0,Low Risk
55,75.75,4264.25,76.14732142857143,76.14732142857143,0,1,0.0033333333333333335,0.33333333333333337,Low Risk
3,57.55,161.45,40.3625,40.3625,1,0,0.39666666666666667,39.666666666666664,Medium Risk
67,81.35,5398.6,79.39117647058823,79.39117647058823,0,1,0.04,4.0,Low Risk
3,25.25,58.9,14.725,14.725,1,0,0.44333333333333336,44.333333333333336,Medium Risk
1,19.75,19.75,9.875,9.875,1,0,0.304731899536319,30.473189953631902,Medium Risk
16,89.05,1448.6,85.21176470588235,85.21176470588235,0,1,0.58,57.99999999999999,Medium Risk
62,104.05,6590.5,104.61111111111111,104.61111111111111,0,1,0.12666666666666668,12.666666666666668,Low Risk
8,65.5,573.15,63.68333333333333,63.68333333333333,1,0,0.043333333333333335,4.333333333333334,Low Risk
9,20.1,190.25,19.025,19.025,1,0,0.06333333333333334,6.333333333333334,Low Risk
6,19.5,146.3,20.900000000000002,20.900000000000002,1,0,0.25666666666666665,25.666666666666664,Low Risk
28,59.0,1654.45,57.050000000000004,57.050000000000004,0,0,0.03,3.0,Low Risk
26,19.4,525.55,19.46481481481481,19.46481481481481,0,0,0.0,0.0,Low Risk
38,101.15,3956.7,101.45384615384614,101.45384615384614,0,1,0.4,40.0,Medium Risk
18,50.3,913.3,48.06842105263158,48.06842105263158,0,0,0.10666666666666667,10.666666666666668,Low Risk
3,31.0,95.05,23.7625,23.7625,1,0,0.26666666666666666,26.666666666666668,Low Risk
3,25.0,78.25,19.5625,19.5625,1,0,0.5933333333333334,59.333333333333336,Medium Risk
70,72.95,5265.55,74.16267605633803,74.16267605633803,0,1,0.016666666666666666,1.6666666666666667,Low Risk
67,69.35,4653.25,68.43014705882354,68.43014705882354,0,0,0.02666666666666667,2.666666666666667,Low Risk
71,24.35,1654.6,22.980555555555554,22.980555555555554,0,0,0.016666666666666666,1.6666666666666667,Low Risk
16,69.1,1083.7,63.747058823529414,63.747058823529414,0,0,0.33666666666666667,33.666666666666664,Medium Risk
10,65.5,616.9,56.08181818181818,56.08181818181818,1,0,0.06333333333333334,6.333333333333334,Low Risk
1,90.85,90.85,45.425,45.425,1,1,0.9966666666666667,99.66666666666667,High Risk
12,56.3,628.65,48.357692307692304,48.357692307692304,0,0,0.24333333333333335,24.333333333333336,Low Risk
5,53.85,259.8,43.300000000000004,43.300000000000004,1,0,0.1,10.0,Low Risk
40,99.2,4062.2,99.0780487804878,99.0780487804878,0,1,0.67,67.0,Medium Risk
21,64.95,1339.8,60.9,60.9,0,0,0.05333333333333334,5.333333333333334,Low Risk
9,68.25,576.95,57.69500000000001,57.69500000000001,1,0,0.18,18.0,Low Risk
7,50.3,355.1,44.3875,44.3875,1,0,0.5233333333333333,52.33333333333333,Medium Risk
38,20.05,678.2,17.389743589743592,17.389743589743592,0,0,0.0,0.0,Low Risk
1,50.5,50.5,25.25,25.25,1,0,0.9966666666666667,99.66666666666667,High Risk
7,74.9,490.55,61.31875,61.31875,1,1,0.6733333333333333,67.33333333333333,Medium Risk
2,70.95,137.95,45.98333333333333,45.98333333333333,1,1,0.33666666666666667,33.666666666666664,Medium Risk
56,19.55,1080.55,18.95701754385965,18.95701754385965,0,0,0.06666666666666667,6.666666666666667,Low Risk
6,50.35,314.55,44.93571428571429,44.93571428571429,1,0,0.13333333333333333,13.333333333333334,Low Risk
63,58.55,3503.5,54.7421875,54.7421875,0,0,0.013333333333333334,1.3333333333333335,Low Risk
64,110.5,7069.25,108.75769230769231,108.75769230769231,0,1,0.056666666666666664,5.666666666666666,Low Risk
29,45.9,1332.4,44.413333333333334,44.413333333333334,0,0,0.06666666666666667,6.666666666666667,Low Risk
32,85.65,2664.3,80.73636363636365,80.73636363636365,0,1,0.6866666666666666,68.66666666666667,Medium Risk
2,84.05,186.05,62.01666666666667,62.01666666666667,1,1,0.8021619786361618,80.21619786361617,High Risk
60,94.4,5610.25,91.97131147540983,91.97131147540983,0,1,0.056666666666666664,5.666666666666666,Low Risk
22,65.05,1427.55,62.06739130434782,62.06739130434782,0,0,0.33,33.0,Medium Risk
11,35.65,425.1,35.425000000000004,35.425000000000004,1,0,0.04,4.0,Low Risk
57,90.65,5199.8,89.65172413793104,89.65172413793104,0,1,0.05333333333333334,5.333333333333334,Low Risk
1,44.15,44.15,22.075,22.075,1,0,0.21,21.0,Low Risk
62,19.2,1123.65,17.835714285714285,17.835714285714285,0,0,0.09333333333333334,9.333333333333334,Low Risk
47,98.75,4533.7,94.45208333333333,94.45208333333333,0,1,0.37666666666666665,37.666666666666664,Medium Risk
61,88.1,5526.75,89.14112903225806,89.14112903225806,0,1,0.04666666666666667,4.666666666666667,Low Risk
3,70.15,194.2,48.55,48.55,1,0,0.42333333333333334,42.333333333333336,Medium Risk
64,81.05,5135.35,79.00538461538463,79.00538461538463,0,1,0.0033333333333333335,0.33333333333333337,Low Risk
6,94.05,518.75,74.10714285714286,74.10714285714286,1,1,0.9733333333333334,97.33333333333334,High Risk
56,20.05,1090.1,19.12456140350877,19.12456140350877,0,0,0.006666666666666667,0.6666666666666667,Low Risk
27,49.85,1336.15,47.71964285714286,47.71964285714286,0,0,0.01,1.0,Low Risk
46,45.55,2062.15,43.87553191489362,43.87553191489362,0,0,0.013333333333333334,1.3333333333333335,Low Risk
1,45.1,45.1,22.55,22.55,1,0,0.9852722477072522,98.52722477072521,High Risk
11,20.4,231.45,19.287499999999998,19.287499999999998,1,0,0.05333333333333334,5.333333333333334,Low Risk
32,98.85,3145.9,95.33030303030303,95.33030303030303,0,1,0.27666666666666667,27.666666666666668,Low Risk
4,77.85,299.2,59.839999999999996,59.839999999999996,1,1,0.42,42.0,Medium Risk
24,55.65,1400.55,56.022,56.022,0,0,0.02,2.0,Low Risk
35,108.95,4025.5,111.81944444444444,111.81944444444444,0,1,0.13666666666666666,13.666666666666666,Low Risk
46,105.2,4822.85,102.61382978723405,102.61382978723405,0,1,0.23333333333333334,23.333333333333332,Low Risk
1,70.0,70.0,35.0,35.0,1,0,0.9542258471876971,95.42258471876971,High Risk
72,110.15,7881.2,107.96164383561644,107.96164383561644,0,1,0.006666666666666667,0.6666666666666667,Low Risk
63,103.5,6479.4,101.240625,101.240625,0,1,0.11,11.0,Low Risk
21,86.5,1808.7,82.21363636363637,82.21363636363637,0,1,0.43666666666666665,43.666666666666664,Medium Risk
37,40.2,1525.35,40.14078947368421,40.14078947368421,0,0,0.13666666666666666,13.666666666666666,Low Risk
55,100.9,5552.05,99.14375,99.14375,0,1,0.61,61.0,Medium Risk
14,66.6,979.5,65.3,65.3,0,0,0.18666666666666668,18.666666666666668,Low Risk
53,71.85,3827.9,70.88703703703703,70.88703703703703,0,1,0.016666666666666666,1.6666666666666667,Low Risk
50,84.15,4164.4,81.6549019607843,81.6549019607843,0,1,0.49666666666666665,49.666666666666664,Medium Risk
38,102.6,4009.2,102.8,102.8,0,1,0.5833333333333334,58.333333333333336,Medium Risk
30,99.7,2967.35,95.72096774193548,95.72096774193548,0,1,0.42,42.0,Medium Risk
28,59.9,1654.7,57.05862068965517,57.05862068965517,0,0,0.01,1.0,Low Risk
46,59.9,2816.65,59.92872340425532,59.92872340425532,0,0,0.23333333333333334,23.333333333333332,Low Risk
67,20.55,1343.4,19.75588235294118,19.75588235294118,0,0,0.0,0.0,Low Risk
1,45.95,45.95,22.975,22.975,1,0,0.897960925824374,89.79609258243741,High Risk
50,19.8,1013.2,19.866666666666667,19.866666666666667,0,0,0.0,0.0,Low Risk
56,98.0,5270.6,92.46666666666667,92.46666666666667,0,1,0.17666666666666667,17.666666666666668,Low Risk
1,19.95,19.95,9.975,9.975,1,0,0.7944296969143416,79.44296969143416,High Risk
3,35.1,101.1,25.275,25.275,1,0,0.78,78.0,High Risk
72,109.55,8165.1,111.85068493150685,111.85068493150685,0,1,0.09,9.0,Low Risk
48,60.35,2896.4,59.11020408163265,59.11020408163265,0,0,0.19,19.0,Low Risk
9,39.55,373.0,37.3,37.3,1,0,0.2833333333333333,28.333333333333332,Low Risk
19,69.6,1394.55,69.72749999999999,69.72749999999999,0,0,0.23333333333333334,23.333333333333332,Low Risk
46,81.0,3846.35,81.83723404255319,81.83723404255319,0,1,0.12333333333333334,12.333333333333334,Low Risk
56,107.25,6033.3,105.84736842105264,105.84736842105264,0,1,0.20333333333333334,20.333333333333332,Low Risk
35,83.15,2848.45,79.1236111111111,79.1236111111111,0,1,0.17666666666666667,17.666666666666668,Low Risk
25,19.8,475.2,18.276923076923076,18.276923076923076,0,0,0.0,0.0,Low Risk
21,68.65,1493.2,67.87272727272727,67.87272727272727,0,0,0.36,36.0,Medium Risk
71,25.35,1847.55,25.660416666666666,25.660416666666666,0,0,0.0033333333333333335,0.33333333333333337,Low Risk
1,79.35,79.35,39.675,39.675,1,1,1.0,100.0,High Risk
62,84.5,5193.2,82.43174603174603,82.43174603174603,0,1,0.09333333333333334,9.333333333333334,Low Risk
53,78.75,3942.45,73.00833333333333,73.00833333333333,0,1,0.16,16.0,Low Risk
2,74.9,136.05,45.35,45.35,1,1,0.13216197863616183,13.216197863616182,Low Risk
72,93.05,6735.05,92.26095890410959,92.26095890410959,0,1,0.0033333333333333335,0.33333333333333337,Low Risk
24,79.65,1928.7,77.148,77.148,0,1,0.24,24.0,Low Risk
41,55.7,2237.55,53.275000000000006,53.275000000000006,0,0,0.38666666666666666,38.666666666666664,Medium Risk
2,94.2,193.8,64.60000000000001,64.60000000000001,1,1,0.8866666666666667,88.66666666666667,High Risk
2,67.75,116.65,38.88333333333333,38.88333333333333,1,0,0.7633333333333333,76.33333333333333,High Risk
27,95.55,2510.2,89.64999999999999,89.64999999999999,0,1,0.48,48.0,Medium Risk
53,101.9,5549.4,102.76666666666667,102.76666666666667,0,1,0.28,28.000000000000004,Low Risk
34,64.4,2088.75,59.67857142857143,59.67857142857143,0,0,0.02,2.0,Low Risk
1,85.0,85.0,42.5,42.5,1,1,0.9856977282567455,98.56977282567455,High Risk
48,19.55,883.35,18.027551020408165,18.027551020408165,0,0,0.006666666666666667,0.6666666666666667,Low Risk
3,75.05,256.25,64.0625,64.0625,1,1,0.4666666666666667,46.666666666666664,Medium Risk
71,64.05,4492.9,62.40138888888888,62.40138888888888,0,0,0.013333333333333334,1.3333333333333335,Low Risk
24,85.95,2107.15,84.286,84.286,0,1,0.2833333333333333,28.333333333333332,Low Risk
5,70.05,302.6,50.43333333333334,50.43333333333334,1,0,0.58,57.99999999999999,Medium Risk
8,75.75,606.25,67.36111111111111,67.36111111111111,1,1,0.6566666666666666,65.66666666666666,Medium Risk
15,19.8,309.4,19.3375,19.3375,0,0,0.09,9.0,Low Risk
2,74.7,165.4,55.13333333333333,55.13333333333333,1,1,0.6133333333333333,61.33333333333333,Medium Risk
13,25.0,332.5,23.75,23.75,0,0,0.08666666666666667,8.666666666666668,Low Risk
17,85.35,1463.45,81.30277777777778,81.30277777777778,0,1,0.8033333333333333,80.33333333333333,High Risk
24,58.35,1346.9,53.876000000000005,53.876000000000005,0,0,0.10666666666666667,10.666666666666668,Low Risk
50,20.55,1070.25,20.985294117647058,20.985294117647058,0,0,0.0,0.0,Low Risk
57,74.35,4317.35,74.43706896551724,74.43706896551724,0,1,0.0033333333333333335,0.33333333333333337,Low Risk
3,25.3,77.75,19.4375,19.4375,1,0,0.5333333333333333,53.333333333333336,Medium Risk
37,91.15,3369.25,88.66447368421052,88.66447368421052,0,1,0.02666666666666667,2.666666666666667,Low Risk
71,25.6,1888.25,26.225694444444443,26.225694444444443,0,0,0.0,0.0,Low Risk
72,66.5,4811.6,65.9123287671233,65.9123287671233,0,0,0.006666666666666667,0.6666666666666667,Low Risk
52,25.6,1334.5,25.17924528301887,25.17924528301887,0,0,0.06,6.0,Low Risk
4,19.85,63.0,12.6,12.6,1,0,0.12,12.0,Low Risk
9,69.5,653.25,65.325,65.325,1,0,0.05,5.0,Low Risk
7,74.85,485.25,60.65625,60.65625,1,1,0.54,54.0,Medium Risk
48,70.1,3238.4,66.08979591836734,66.08979591836734,0,0,0.08333333333333333,8.333333333333332,Low Risk
47,58.6,2723.4,56.737500000000004,56.737500000000004,0,0,0.06666666666666667,6.666666666666667,Low Risk
4,72.75,317.75,63.55,63.55,1,1,0.7966666666666666,79.66666666666666,High Risk
47,103.7,4730.6,98.55416666666667,98.55416666666667,0,1,0.2866666666666667,28.666666666666668,Low Risk
24,29.1,688.0,27.52,27.52,0,0,0.15666666666666668,15.666666666666668,Low Risk
1,50.45,50.45,25.225,25.225,1,0,0.9966666666666667,99.66666666666667,High Risk
1,44.65,44.65,22.325,22.325,1,0,0.6021619786361618,60.21619786361618,Medium Risk
1,19.25,19.25,9.625,9.625,1,0,0.5072727830446564,50.72727830446564,Medium Risk
48,108.1,5067.45,103.41734693877551,103.41734693877551,0,1,0.2833333333333333,28.333333333333332,Low Risk
27,20.1,562.6,20.092857142857145,20.092857142857145,0,0,0.0,0.0,Low Risk
60,59.85,3483.45,57.10573770491803,57.10573770491803,0,0,0.0,0.0,Low Risk
26,56.05,1553.2,57.525925925925925,57.525925925925925,0,0,0.11,11.0,Low Risk
51,19.6,967.9,18.61346153846154,18.61346153846154,0,0,0.0033333333333333335,0.33333333333333337,Low Risk
4,79.0,303.15,60.629999999999995,60.629999999999995,1,1,0.64,64.0,Medium Risk
26,66.05,1652.4,61.2,61.2,0,0,0.09,9.0,Low Risk
41,106.5,4282.4,101.96190476190475,101.96190476190475,0,1,0.36666666666666664,36.666666666666664,Medium Risk
68,114.9,7843.55,113.67463768115942,113.67463768115942,0,1,0.17333333333333334,17.333333333333336,Low Risk
45,54.65,2553.7,55.51521739130435,55.51521739130435,0,0,0.08333333333333333,8.333333333333332,Low Risk
22,69.5,1498.2,65.13913043478261,65.13913043478261,0,0,0.3333333333333333,33.33333333333333,Medium Risk
12,79.95,1043.4,80.26153846153846,80.26153846153846,0,1,0.5366666666666666,53.666666666666664,Medium Risk
1,43.95,43.95,21.975,21.975,1,0,0.64,64.0,Medium Risk
7,94.1,701.3,87.6625,87.6625,1,1,0.6,60.0,Medium Risk
1,20.2,20.2,10.1,10.1,1,0,0.6836915734729923,68.36915734729922,Medium Risk
13,23.9,300.8,21.485714285714288,21.485714285714288,0,0,0.023333333333333334,2.3333333333333335,Low Risk
51,20.45,1042.65,20.05096153846154,20.05096153846154,0,0,0.0,0.0,Low Risk
4,44.8,169.65,33.93,33.93,1,0,0.20666666666666667,20.666666666666668,Low Risk
26,84.3,2281.6,84.5037037037037,84.5037037037037,0,1,0.44666666666666666,44.666666666666664,Medium Risk
24,88.95,2072.75,82.91,82.91,0,1,0.4033333333333333,40.33333333333333,Medium Risk
61,94.2,5895.45,95.08790322580644,95.08790322580644,0,1,0.0033333333333333335,0.33333333333333337,Low Risk
72,114.9,8496.7,116.39315068493151,116.39315068493151,0,1,0.0033333333333333335,0.33333333333333337,Low Risk
55,84.25,4589.85,81.96160714285715,81.96160714285715,0,1,0.14333333333333334,14.333333333333334,Low Risk
12,81.7,858.6,66.04615384615384,66.04615384615384,0,1,0.38,38.0,Medium Risk
64,93.4,5822.3,89.57384615384616,89.57384615384616,0,1,0.16666666666666666,16.666666666666664,Low Risk
37,96.55,3580.3,94.21842105263158,94.21842105263158,0,1,0.42,42.0,Medium Risk
72,88.7,6301.7,86.32465753424657,86.32465753424657,0,1,0.0,0.0,Low Risk
11,19.5,226.8,18.900000000000002,18.900000000000002,1,0,0.03,3.0,Low Risk
52,109.1,5647.95,106.56509433962263,106.56509433962263,0,1,0.37,37.0,Medium Risk
58,44.1,2413.05,40.89915254237288,40.89915254237288,0,0,0.36666666666666664,36.666666666666664,Medium Risk
4,55.2,220.65,44.13,44.13,1,0,0.15,15.0,Low Risk
38,20.3,749.35,19.214102564102564,19.214102564102564,0,0,0.0,0.0,Low Risk
3,20.85,60.65,15.1625,15.1625,1,0,0.19333333333333333,19.333333333333332,Low Risk
62,92.3,5731.45,90.97539682539683,90.97539682539683,0,1,0.04666666666666667,4.666666666666667,Low Risk
8,54.25,447.75,49.75,49.75,1,0,0.19,19.0,Low Risk
16,19.75,313.4,18.435294117647057,18.435294117647057,0,0,0.18,18.0,Low Risk
8,43.55,335.4,37.266666666666666,37.266666666666666,1,0,0.24666666666666667,24.666666666666668,Low Risk
1,19.8,19.8,9.9,9.9,1,0,0.11634871671504482,11.634871671504483,Low Risk
52,50.2,2554.0,48.18867924528302,48.18867924528302,0,0,0.0,0.0,Low Risk
72,26.0,1776.0,24.328767123287673,24.328767123287673,0,0,0.0,0.0,Low Risk
16,69.65,1043.3,61.370588235294115,61.370588235294115,0,0,0.37333333333333335,37.333333333333336,Medium Risk
18,89.6,1633.0,85.94736842105263,85.94736842105263,0,1,0.6833333333333333,68.33333333333333,Medium Risk
1,20.25,20.25,10.125,10.125,1,0,0.32494111032695067,32.494111032695066,Medium Risk
72,75.4,5480.25,75.07191780821918,75.07191780821918,0,1,0.01,1.0,Low Risk
49,20.7,1032.05,20.641,20.641,0,0,0.0033333333333333335,0.33333333333333337,Low Risk
1,44.0,44.0,22.0,22.0,1,0,0.023333333333333334,2.3333333333333335,Low Risk
51,93.5,4619.55,88.8375,88.8375,0,1,0.12666666666666668,12.666666666666668,Low Risk
72,97.25,7133.1,97.71369863013699,97.71369863013699,0,1,0.0,0.0,Low Risk
72,77.35,5396.25,73.92123287671232,73.92123287671232,0,1,0.006666666666666667,0.6666666666666667,Low Risk
16,19.05,326.65,19.21470588235294,19.21470588235294,0,0,0.08333333333333333,8.333333333333332,Low Risk
16,84.9,1398.25,82.25,82.25,0,1,0.4033333333333333,40.33333333333333,Medium Risk
1,19.65,19.65,9.825,9.825,1,0,0.46851973220076104,46.851973220076104,Medium Risk
10,85.6,813.85,73.98636363636363,73.98636363636363,1,1,0.75,75.0,High Risk
57,100.75,5985.0,103.1896551724138,103.1896551724138,0,1,0.22666666666666666,22.666666666666664,Low Risk
32,90.8,3023.85,91.63181818181818,91.63181818181818,0,1,0.28,28.000000000000004,Low Risk
72,101.3,7261.25,99.46917808219177,99.46917808219177,0,1,0.006666666666666667,0.6666666666666667,Low Risk
58,97.8,5458.8,92.52203389830508,92.52203389830508,0,1,0.35,35.0,Medium Risk
23,73.75,1756.6,73.19166666666666,73.19166666666666,0,1,0.29,28.999999999999996,Low Risk
25,89.5,2196.15,84.4673076923077,84.4673076923077,0,1,0.41333333333333333,41.333333333333336,Medium Risk
32,19.45,674.55,20.440909090909088,20.440909090909088,0,0,0.04,4.0,Low Risk
69,104.0,7028.5,100.40714285714286,100.40714285714286,0,1,0.2966666666666667,29.666666666666668,Low Risk
72,109.5,7854.9,107.60136986301369,107.60136986301369,0,1,0.05333333333333334,5.333333333333334,Low Risk
50,35.4,1748.9,34.2921568627451,34.2921568627451,0,0,0.06333333333333334,6.333333333333334,Low Risk
28,106.1,2847.4,98.18620689655172,98.18620689655172,0,1,0.5433333333333333,54.333333333333336,Medium Risk
10,20.1,184.4,16.763636363636365,16.763636363636365,1,0,0.03,3.0,Low Risk
58,94.7,5430.35,92.03983050847458,92.03983050847458,0,1,0.22333333333333333,22.333333333333332,Low Risk
7,75.4,533.05,66.63125,66.63125,1,1,0.22333333333333333,22.333333333333332,Low Risk
4,49.35,219.65,43.93,43.93,1,0,0.07333333333333333,7.333333333333333,Low Risk
34,60.8,2042.05,58.34428571428571,58.34428571428571,0,0,0.0,0.0,Low Risk
70,115.15,8250.0,116.19718309859155,116.19718309859155,0,1,0.07,7.000000000000001,Low Risk
71,72.9,5139.65,71.38402777777777,71.38402777777777,0,1,0.013333333333333334,1.3333333333333335,Low Risk
21,103.85,2215.0,100.68181818181819,100.68181818181819,0,1,0.86,86.0,High Risk
56,60.25,3282.75,57.5921052631579,57.5921052631579,0,0,0.03666666666666667,3.6666666666666665,Low Risk
71,76.9,5522.7,76.70416666666667,76.70416666666667,0,1,0.04666666666666667,4.666666666666667,Low Risk
14,87.25,1258.6,83.90666666666667,83.90666666666667,0,1,0.7666666666666667,76.66666666666667,High Risk
41,19.5,798.2,19.004761904761907,19.004761904761907,0,0,0.0,0.0,Low Risk
3,74.4,215.8,53.95,53.95,1,1,0.5133333333333333,51.33333333333333,Medium Risk
58,20.5,1191.4,20.193220338983053,20.193220338983053,0,0,0.0,0.0,Low Risk
72,65.7,4575.35,62.67602739726028,62.67602739726028,0,0,0.0,0.0,Low Risk
13,89.4,1132.35,80.88214285714285,80.88214285714285,0,1,0.7933333333333333,79.33333333333333,High Risk
43,79.15,3566.6,81.05909090909091,81.05909090909091,0,1,0.18333333333333332,18.333333333333332,Low Risk
41,51.35,2075.1,49.40714285714286,49.40714285714286,0,0,0.06,6.0,Low Risk
2,70.0,153.05,51.01666666666667,51.01666666666667,1,0,0.16,16.0,Low Risk
1,20.3,20.3,10.15,10.15,1,0,0.4416166113440914,44.161661134409144,Medium Risk
4,79.9,324.3,64.86,64.86,1,1,0.5033333333333333,50.33333333333333,Medium Risk
1,19.9,19.9,9.95,9.95,1,0,0.801084132107172,80.1084132107172,High Risk
72,114.1,8086.4,110.77260273972603,110.77260273972603,0,1,0.0033333333333333335,0.33333333333333337,Low Risk
69,64.15,4254.1,60.77285714285715,60.77285714285715,0,0,0.0,0.0,Low Risk
27,45.85,1246.4,44.51428571428572,44.51428571428572,0,0,0.09,9.0,Low Risk
14,59.8,824.85,54.99,54.99,0,0,0.08,8.0,Low Risk
19,45.0,865.85,43.292500000000004,43.292500000000004,0,0,0.31666666666666665,31.666666666666664,Medium Risk
18,95.95,1745.5,91.86842105263158,91.86842105263158,0,1,0.6,60.0,Medium Risk
5,90.35,434.5,72.41666666666667,72.41666666666667,1,1,0.74,74.0,High Risk
28,100.35,2799.0,96.51724137931035,96.51724137931035,0,1,0.38333333333333336,38.333333333333336,Medium Risk
30,74.65,2308.6,74.47096774193548,74.47096774193548,0,1,0.12666666666666668,12.666666666666668,Low Risk
71,104.05,7413.55,102.96597222222222,102.96597222222222,0,1,0.07666666666666666,7.666666666666666,Low Risk
1,53.95,53.95,26.975,26.975,1,0,0.3590677439315895,35.906774393158955,Medium Risk
71,97.2,6910.3,95.97638888888889,95.97638888888889,0,1,0.0033333333333333335,0.33333333333333337,Low Risk
32,62.45,2045.55,61.986363636363635,61.986363636363635,0,0,0.13333333333333333,13.333333333333334,Low Risk
70,75.5,5212.65,73.41760563380281,73.41760563380281,0,1,0.06666666666666667,6.666666666666667,Low Risk
1,55.25,55.25,27.625,27.625,1,0,0.6366666666666667,63.66666666666667,Medium Risk
1,71.0,71.0,35.5,35.5,1,1,0.8713606749641493,87.13606749641492,High Risk
4,48.75,179.85,35.97,35.97,1,0,0.6433333333333333,64.33333333333333,Medium Risk
43,94.3,3953.15,89.84431818181818,89.84431818181818,0,1,0.11666666666666667,11.666666666666666,Low Risk
72,92.3,6719.9,92.05342465753424,92.05342465753424,0,1,0.0,0.0,Low Risk
72,114.95,8196.4,112.27945205479452,112.27945205479452,0,1,0.0,0.0,Low Risk
4,74.4,306.6,61.32000000000001,61.32000000000001,1,1,0.9166666666666666,91.66666666666666,High Risk
24,24.6,605.25,24.21,24.21,0,0,0.013333333333333334,1.3333333333333335,Low Risk
1,95.1,95.1,47.55,47.55,1,1,0.98,98.0,High Risk
1,18.85,18.85,9.425,9.425,1,0,0.6693711033352882,66.93711033352882,Medium Risk
14,95.6,1273.3,84.88666666666667,84.88666666666667,0,1,0.6933333333333334,69.33333333333334,Medium Risk
36,84.1,3021.6,81.66486486486487,81.66486486486487,0,1,0.3566666666666667,35.66666666666667,Medium Risk
40,81.2,3292.3,80.30000000000001,80.30000000000001,0,1,0.17666666666666667,17.666666666666668,Low Risk
67,105.05,7171.7,105.46617647058824,105.46617647058824,0,1,0.43,43.0,Medium Risk
69,92.15,6480.9,92.58428571428571,92.58428571428571,0,1,0.043333333333333335,4.333333333333334,Low Risk
1,20.6,20.6,10.3,10.3,1,0,0.6956047804553831,69.5604780455383,Medium Risk
10,40.25,411.45,37.404545454545456,37.404545454545456,1,0,0.37,37.0,Medium Risk
55,57.55,3046.4,54.4,54.4,0,0,0.016666666666666666,1.6666666666666667,Low Risk
68,113.15,7856.0,113.85507246376811,113.85507246376811,0,1,0.18666666666666668,18.666666666666668,Low Risk
66,99.5,6822.15,101.82313432835821,101.82313432835821,0,1,0.5,50.0,Medium Risk
7,69.9,497.3,62.1625,62.1625,1,0,0.5466666666666666,54.666666666666664,Medium Risk
10,20.15,220.8,20.072727272727274,20.072727272727274,1,0,0.06666666666666667,6.666666666666667,Low Risk
1,29.15,29.15,14.575,14.575,1,0,0.6484959311852304,64.84959311852305,Medium Risk
55,19.35,1153.25,20.59375,20.59375,0,0,0.05333333333333334,5.333333333333334,Low Risk
45,107.75,4882.8,106.14782608695653,106.14782608695653,0,1,0.33,33.0,Medium Risk
10,67.8,653.15,59.377272727272725,59.377272727272725,1,0,0.15,15.0,Low Risk
69,116.0,8182.85,116.89785714285715,116.89785714285715,0,1,0.056666666666666664,5.666666666666666,Low Risk
1,85.05,85.05,42.525,42.525,1,1,0.993776331987904,99.3776331987904,High Risk
33,25.7,826.1,24.29705882352941,24.29705882352941,0,0,0.023333333333333334,2.3333333333333335,Low Risk
45,81.65,3618.7,78.66739130434782,78.66739130434782,0,1,0.11333333333333333,11.333333333333332,Low Risk
1,44.75,44.75,22.375,22.375,1,0,0.20809204620769334,20.809204620769332,Low Risk
31,71.05,2168.15,67.7546875,67.7546875,0,1,0.15,15.0,Low Risk
50,20.35,938.95,18.41078431372549,18.41078431372549,0,0,0.0,0.0,Low Risk
57,87.55,4884.85,84.22155172413794,84.22155172413794,0,1,0.016666666666666666,1.6666666666666667,Low Risk
1,74.25,74.25,37.125,37.125,1,1,0.8483083219390811,84.83083219390811,High Risk
2,75.8,160.75,53.583333333333336,53.583333333333336,1,1,0.9566666666666667,95.66666666666667,High Risk
3,105.35,323.25,80.8125,80.8125,1,1,0.5066666666666667,50.66666666666667,Medium Risk
67,94.65,6079.0,89.3970588235294,89.3970588235294,0,1,0.33,33.0,Medium Risk
42,104.75,4323.45,100.5453488372093,100.5453488372093,0,1,0.3466666666666667,34.66666666666667,Medium Risk
70,26.0,2006.95,28.266901408450703,28.266901408450703,0,0,0.02,2.0,Low Risk
71,20.85,1539.75,21.385416666666668,21.385416666666668,0,0,0.0,0.0,Low Risk
9,75.85,724.65,72.465,72.465,1,1,0.37,37.0,Medium Risk
72,45.25,3139.8,43.01095890410959,43.01095890410959,0,0,0.10333333333333333,10.333333333333334,Low Risk
53,105.25,5576.3,103.26481481481481,103.26481481481481,0,1,0.14333333333333334,14.333333333333334,Low Risk
19,105.0,2007.25,100.3625,100.3625,0,1,0.78,78.0,High Risk
9,94.4,857.25,85.725,85.725,1,1,0.8866666666666667,88.66666666666667,High Risk
72,105.5,7611.55,104.26780821917808,104.26780821917808,0,1,0.0,0.0,Low Risk
20,39.4,825.4,39.304761904761904,39.304761904761904,0,0,0.49333333333333335,49.333333333333336,Medium Risk
43,20.0,817.95,18.589772727272727,18.589772727272727,0,0,0.006666666666666667,0.6666666666666667,Low Risk
50,79.6,4024.2,78.90588235294118,78.90588235294118,0,1,0.03333333333333333,3.3333333333333335,Low Risk
55,89.8,4959.6,88.56428571428572,88.56428571428572,0,1,0.03666666666666667,3.6666666666666665,Low Risk
2,94.2,167.5,55.833333333333336,55.833333333333336,1,1,0.8533333333333334,85.33333333333334,High Risk
9,20.35,191.1,19.11,19.11,1,0,0.013333333333333334,1.3333333333333335,Low Risk
10,33.9,298.45,27.13181818181818,27.13181818181818,1,0,0.37333333333333335,37.333333333333336,Medium Risk
71,77.35,5550.1,77.08472222222223,77.08472222222223,0,1,0.0,0.0,Low Risk
32,84.15,2585.95,78.36212121212121,78.36212121212121,0,1,0.22,22.0,Low Risk
3,105.9,334.65,83.6625,83.6625,1,1,0.3433333333333333,34.333333333333336,Medium Risk
16,74.3,1178.25,69.30882352941177,69.30882352941177,0,1,0.32,32.0,Medium Risk
25,69.75,1729.35,66.51346153846154,66.51346153846154,0,0,0.06,6.0,Low Risk
38,70.45,2597.6,66.6051282051282,66.6051282051282,0,1,0.08,8.0,Low Risk
40,20.15,804.85,19.63048780487805,19.63048780487805,0,0,0.0,0.0,Low Risk
61,24.2,1445.2,23.309677419354838,23.309677419354838,0,0,0.04666666666666667,4.666666666666667,Low Risk
25,20.05,520.1,20.003846153846155,20.003846153846155,0,0,0.0,0.0,Low Risk
48,95.5,4627.85,94.44591836734695,94.44591836734695,0,1,0.41333333333333333,41.333333333333336,Medium Risk
3,69.55,222.3,55.575,55.575,1,0,0.4533333333333333,45.33333333333333,Medium Risk
63,108.25,6780.1,105.9390625,105.9390625,0,1,0.18666666666666668,18.666666666666668,Low Risk
37,76.25,2841.55,74.77763157894738,74.77763157894738,0,1,0.5033333333333333,50.33333333333333,Medium Risk
1,49.8,49.8,24.9,24.9,1,0,0.0033333333333333335,0.33333333333333337,Low Risk
17,80.85,1400.85,77.82499999999999,77.82499999999999,0,1,0.08666666666666667,8.666666666666668,Low Risk
3,69.35,191.35,47.8375,47.8375,1,0,0.23333333333333334,23.333333333333332,Low Risk
21,86.05,1818.9,82.67727272727274,82.67727272727274,0,1,0.53,53.0,Medium Risk
67,36.15,2434.45,35.80073529411764,35.80073529411764,0,0,0.05333333333333334,5.333333333333334,Low Risk
34,20.1,682.1,19.48857142857143,19.48857142857143,0,0,0.06,6.0,Low Risk
18,90.7,1597.25,84.0657894736842,84.0657894736842,0,1,0.48,48.0,Medium Risk
72,88.7,6501.35,89.05958904109589,89.05958904109589,0,1,0.013333333333333334,1.3333333333333335,Low Risk
18,95.15,1779.95,93.68157894736842,93.68157894736842,0,1,0.6266666666666667,62.66666666666667,Medium Risk
3,75.0,209.1,52.275,52.275,1,1,0.65,65.0,Medium Risk
1,49.95,49.95,24.975,24.975,1,0,0.07831521359915421,7.8315213599154205,Low Risk
10,72.15,794.25,72.20454545454545,72.20454545454545,1,1,0.5766666666666667,57.666666666666664,Medium Risk
10,20.9,247.0,22.454545454545453,22.454545454545453,1,0,0.043333333333333335,4.333333333333334,Low Risk
29,20.0,540.05,18.001666666666665,18.001666666666665,0,0,0.03,3.0,Low Risk
34,94.25,3217.55,91.93,91.93,0,1,0.64,64.0,Medium Risk
7,101.95,700.85,87.60625,87.60625,1,1,0.49333333333333335,49.333333333333336,Medium Risk
69,86.9,6194.1,88.48714285714286,88.48714285714286,0,1,0.16333333333333333,16.333333333333332,Low Risk
36,54.45,1893.5,51.17567567567568,51.17567567567568,0,0,0.03333333333333333,3.3333333333333335,Low Risk
72,85.95,6151.9,84.27260273972603,84.27260273972603,0,1,0.01,1.0,Low Risk
42,20.65,958.1,22.28139534883721,22.28139534883721,0,0,0.0,0.0,Low Risk
42,99.0,4298.45,99.96395348837208,99.96395348837208,0,1,0.48,48.0,Medium Risk
67,43.9,3097.2,45.54705882352941,45.54705882352941,0,0,0.07666666666666666,7.666666666666666,Low Risk
21,95.4,2025.1,92.05,92.05,0,1,0.7133333333333334,71.33333333333334,High Risk
23,93.5,2341.55,97.56458333333335,97.56458333333335,0,1,0.6133333333333333,61.33333333333333,Medium Risk
15,86.2,1270.2,79.3875,79.3875,0,1,0.7266666666666667,72.66666666666667,High Risk
34,64.2,2106.3,60.18000000000001,60.18000000000001,0,0,0.04666666666666667,4.666666666666667,Low Risk
7,99.25,665.45,83.18125,83.18125,1,1,0.8766666666666667,87.66666666666667,High Risk
9,20.4,184.1,18.41,18.41,1,0,0.04666666666666667,4.666666666666667,Low Risk
34,24.7,780.2,22.291428571428572,22.291428571428572,0,0,0.04666666666666667,4.666666666666667,Low Risk
1,35.55,35.55,17.775,17.775,1,0,0.9553900187271398,95.53900187271398,High Risk
25,108.9,2809.05,108.04038461538462,108.04038461538462,0,1,0.48333333333333334,48.333333333333336,Medium Risk
72,115.5,8312.75,113.87328767123287,113.87328767123287,0,1,0.006666666666666667,0.6666666666666667,Low Risk
1,20.55,20.55,10.275,10.275,1,0,0.6276114102076552,62.76114102076552,Medium Risk
60,99.8,5985.75,98.12704918032787,98.12704918032787,0,1,0.02666666666666667,2.666666666666667,Low Risk
43,84.25,3539.25,80.4375,80.4375,0,1,0.29,28.999999999999996,Low Risk
3,21.2,52.05,13.0125,13.0125,1,0,0.29333333333333333,29.333333333333332,Low Risk
72,84.1,5981.65,81.94041095890411,81.94041095890411,0,1,0.0033333333333333335,0.33333333333333337,Low Risk
2,45.35,89.5,29.833333333333332,29.833333333333332,1,0,0.15333333333333332,15.333333333333332,Low Risk
10,98.9,1064.95,96.81363636363636,96.81363636363636,1,1,0.9633333333333334,96.33333333333334,High Risk
7,98.05,713.0,89.125,89.125,1,1,0.5266666666666666,52.666666666666664,Medium Risk
33,51.45,1758.9,51.73235294117647,51.73235294117647,0,0,0.0,0.0,Low Risk
31,81.15,2640.55,82.5171875,82.5171875,0,1,0.15666666666666668,15.666666666666668,Low Risk
38,94.75,3653.0,93.66666666666667,93.66666666666667,0,1,0.2633333333333333,26.333333333333332,Low Risk
24,84.35,1938.05,77.52199999999999,77.52199999999999,0,1,0.30666666666666664,30.666666666666664,Medium Risk
28,59.55,1646.45,56.77413793103448,56.77413793103448,0,0,0.03,3.0,Low Risk
72,38.5,2763.0,37.84931506849315,37.84931506849315,0,0,0.01,1.0,Low Risk
20,19.25,375.25,17.86904761904762,17.86904761904762,0,0,0.37,37.0,Medium Risk
60,79.0,4801.1,78.70655737704918,78.70655737704918,0,1,0.02,2.0,Low Risk
4,89.2,346.2,69.24,69.24,1,1,0.78,78.0,High Risk
46,55.0,2473.95,52.63723404255319,52.63723404255319,0,0,0.4533333333333333,45.33333333333333,Medium Risk
72,82.3,5815.15,79.65958904109588,79.65958904109588,0,1,0.006666666666666667,0.6666666666666667,Low Risk
41,113.2,4689.5,111.6547619047619,111.6547619047619,0,1,0.30666666666666664,30.666666666666664,Medium Risk
65,100.75,6674.65,101.1310606060606,101.1310606060606,0,1,0.06333333333333334,6.333333333333334,Low Risk
43,29.3,1224.05,27.81931818181818,27.81931818181818,0,0,0.21666666666666667,21.666666666666668,Low Risk
21,64.85,1336.8,60.76363636363636,60.76363636363636,0,0,0.08333333333333333,8.333333333333332,Low Risk
54,20.4,1090.6,19.829090909090908,19.829090909090908,0,0,0.0033333333333333335,0.33333333333333337,Low Risk
61,104.4,6405.0,103.30645161290323,103.30645161290323,0,1,0.11666666666666667,11.666666666666666,Low Risk
20,55.0,1165.55,55.50238095238095,55.50238095238095,0,0,0.45,45.0,Medium Risk
69,105.2,7386.05,105.515,105.515,0,1,0.49333333333333335,49.333333333333336,Medium Risk
1,45.2,45.2,22.6,22.6,1,0,0.5563439834429835,55.634398344298354,Medium Risk
33,93.55,3055.5,89.86764705882354,89.86764705882354,0,1,0.19,19.0,Low Risk
19,20.85,467.5,23.375,23.375,0,0,0.03666666666666667,3.6666666666666665,Low Risk
2,79.0,143.65,47.88333333333333,47.88333333333333,1,1,0.7866666666666666,78.66666666666666,High Risk
13,63.15,816.8,58.34285714285714,58.34285714285714,0,0,0.06,6.0,Low Risk
1,45.8,45.8,22.9,22.9,1,0,0.9724268569054205,97.24268569054205,High Risk
55,55.7,3131.8,55.925000000000004,55.925000000000004,0,0,0.08333333333333333,8.333333333333332,Low Risk
22,95.1,2162.6,94.02608695652174,94.02608695652174,0,1,0.17666666666666667,17.666666666666668,Low Risk
27,75.5,1893.95,67.64107142857144,67.64107142857144,0,1,0.32666666666666666,32.666666666666664,Medium Risk
13,89.05,1169.35,83.52499999999999,83.52499999999999,0,1,0.6033333333333334,60.333333333333336,Medium Risk
26,50.35,1285.8,47.62222222222222,47.62222222222222,0,0,0.006666666666666667,0.6666666666666667,Low Risk
35,20.1,655.3,18.202777777777776,18.202777777777776,0,0,0.013333333333333334,1.3333333333333335,Low Risk
56,104.75,5841.35,102.47982456140352,102.47982456140352,0,1,0.48333333333333334,48.333333333333336,Medium Risk
1,95.45,95.45,47.725,47.725,1,1,0.7533333333333333,75.33333333333333,High Risk
1,74.3,74.3,37.15,37.15,1,1,0.643574949732708,64.3574949732708,Medium Risk
23,90.6,1943.2,80.96666666666667,80.96666666666667,0,1,0.22666666666666666,22.666666666666664,Low Risk
7,75.45,480.75,60.09375,60.09375,1,1,0.5133333333333333,51.33333333333333,Medium Risk
22,104.6,2180.55,94.80652173913045,94.80652173913045,0,1,0.30333333333333334,30.333333333333336,Medium Risk
56,59.5,3389.25,59.46052631578947,59.46052631578947,0,0,0.006666666666666667,0.6666666666666667,Low Risk
71,82.55,5832.65,81.00902777777777,81.00902777777777,0,1,0.0,0.0,Low Risk
59,19.85,1188.25,19.804166666666667,19.804166666666667,0,0,0.0,0.0,Low Risk
18,96.05,1740.7,91.61578947368422,91.61578947368422,0,1,0.6733333333333333,67.33333333333333,Medium Risk
60,61.35,3766.2,61.74098360655737,61.74098360655737,0,0,0.0,0.0,Low Risk
8,44.45,369.3,41.03333333333333,41.03333333333333,1,0,0.08666666666666667,8.666666666666668,Low Risk
1,19.75,19.75,9.875,9.875,1,0,0.304731899536319,30.473189953631902,Medium Risk
1,70.45,70.45,35.225,35.225,1,1,0.6307503865145021,63.075038651450214,Medium Risk
28,82.85,2320.8,80.02758620689656,80.02758620689656,0,1,0.28,28.000000000000004,Low Risk
18,74.15,1387.0,73.0,73.0,0,1,0.2966666666666667,29.666666666666668,Low Risk
24,90.35,2238.5,89.54,89.54,0,1,0.5133333333333333,51.33333333333333,Medium Risk
68,60.3,4109.0,59.55072463768116,59.55072463768116,0,0,0.016666666666666666,1.6666666666666667,Low Risk
71,104.65,7288.4,101.22777777777777,101.22777777777777,0,1,0.05333333333333334,5.333333333333334,Low Risk
64,19.7,1274.05,19.60076923076923,19.60076923076923,0,0,0.0,0.0,Low Risk
72,110.75,7751.7,106.18767123287671,106.18767123287671,0,1,0.013333333333333334,1.3333333333333335,Low Risk
69,110.25,7467.55,106.67928571428571,106.67928571428571,0,1,0.09,9.0,Low Risk
67,53.4,3579.15,52.63455882352941,52.63455882352941,0,0,0.0033333333333333335,0.33333333333333337,Low Risk
20,80.7,1614.2,76.86666666666667,76.86666666666667,0,1,0.33666666666666667,33.666666666666664,Medium Risk
25,18.7,383.65,14.75576923076923,14.75576923076923,0,0,0.07,7.000000000000001,Low Risk
50,89.7,4304.5,84.40196078431373,84.40196078431373,0,1,0.29333333333333333,29.333333333333332,Low Risk
6,48.95,273.25,39.035714285714285,39.035714285714285,1,0,0.6433333333333333,64.33333333333333,Medium Risk
2,19.6,35.85,11.950000000000001,11.950000000000001,1,0,0.1361567584160442,13.61567584160442,Low Risk
18,20.1,407.05,21.423684210526318,21.423684210526318,0,0,0.05,5.0,Low Risk
2,56.55,118.25,39.416666666666664,39.416666666666664,1,0,0.5,50.0,Medium Risk
3,40.15,130.75,32.6875,32.6875,1,0,0.5333333333333333,53.333333333333336,Medium Risk
9,69.4,571.45,57.145,57.145,1,0,0.11666666666666667,11.666666666666666,Low Risk
1,69.9,69.9,34.95,34.95,1,0,0.978786078191254,97.87860781912539,High Risk
70,113.65,7939.25,111.82042253521126,111.82042253521126,0,1,0.05,5.0,Low Risk
46,96.05,4399.5,93.6063829787234,93.6063829787234,0,1,0.21666666666666667,21.666666666666668,Low Risk
15,48.8,720.1,45.00625,45.00625,0,0,0.42333333333333334,42.333333333333336,Medium Risk
53,19.85,1049.6,19.437037037037037,19.437037037037037,0,0,0.09666666666666666,9.666666666666666,Low Risk
1,55.4,55.4,27.7,27.7,1,0,0.03666666666666667,3.6666666666666665,Low Risk
29,19.35,601.6,20.053333333333335,20.053333333333335,0,0,0.0,0.0,Low Risk
1,77.15,77.15,38.575,38.575,1,1,0.9966666666666667,99.66666666666667,High Risk
69,60.05,4176.7,59.667142857142856,59.667142857142856,0,0,0.0,0.0,Low Risk
63,36.1,2298.9,35.9203125,35.9203125,0,0,0.07,7.000000000000001,Low Risk
51,25.0,1260.7,24.24423076923077,24.24423076923077,0,0,0.0,0.0,Low Risk
64,73.55,4764.0,73.29230769230769,73.29230769230769,0,1,0.056666666666666664,5.666666666666666,Low Risk
52,84.05,4326.8,81.63773584905661,81.63773584905661,0,1,0.47,47.0,Medium Risk
70,59.5,4144.8,58.3774647887324,58.3774647887324,0,0,0.0,0.0,Low Risk
9,54.8,452.8,45.28,45.28,1,0,0.5233333333333333,52.33333333333333,Medium Risk
3,83.75,247.25,61.8125,61.8125,1,1,0.36333333333333334,36.333333333333336,Medium Risk
70,74.8,5315.8,74.87042253521128,74.87042253521128,0,1,0.05,5.0,Low Risk
21,84.1,1737.45,78.97500000000001,78.97500000000001,0,1,0.19,19.0,Low Risk
5,75.55,349.65,58.275,58.275,1,1,0.6,60.0,Medium Risk
20,108.2,2203.7,104.93809523809523,104.93809523809523,0,1,0.38333333333333336,38.333333333333336,Medium Risk
72,109.75,8075.35,110.62123287671233,110.62123287671233,0,1,0.05333333333333334,5.333333333333334,Low Risk
72,20.3,1401.15,19.193835616438356,19.193835616438356,0,0,0.0,0.0,Low Risk
2,70.65,142.35,47.449999999999996,47.449999999999996,1,1,0.88,88.0,High Risk
23,75.3,1702.9,70.95416666666667,70.95416666666667,0,1,0.52,52.0,Medium Risk
4,20.95,85.5,17.1,17.1,1,0,0.16666666666666666,16.666666666666664,Low Risk
32,80.35,2596.15,78.67121212121212,78.67121212121212,0,1,0.12,12.0,Low Risk
36,89.65,3348.1,90.48918918918919,90.48918918918919,0,1,0.15666666666666668,15.666666666666668,Low Risk
24,49.7,1218.25,48.73,48.73,0,0,0.41,41.0,Medium Risk
6,49.5,312.7,44.67142857142857,44.67142857142857,1,0,0.1,10.0,Low Risk
23,59.7,1414.2,58.925000000000004,58.925000000000004,0,0,0.06666666666666667,6.666666666666667,Low Risk
48,20.65,1057.0,21.571428571428573,21.571428571428573,0,0,0.013333333333333334,1.3333333333333335,Low Risk
28,54.9,1505.15,51.90172413793104,51.90172413793104,0,0,0.013333333333333334,1.3333333333333335,Low Risk
52,49.15,2550.9,48.130188679245286,48.130188679245286,0,0,0.013333333333333334,1.3333333333333335,Low Risk
3,74.95,212.4,53.1,53.1,1,1,0.5266666666666666,52.666666666666664,Medium Risk
2,80.55,184.1,61.36666666666667,61.36666666666667,1,1,0.64,64.0,Medium Risk
4,19.95,68.2,13.64,13.64,1,0,0.023333333333333334,2.3333333333333335,Low Risk
5,69.7,316.9,52.81666666666666,52.81666666666666,1,0,0.6333333333333333,63.33333333333333,Medium Risk
1,69.6,69.6,34.8,34.8,1,0,1.0,100.0,High Risk
66,19.75,1344.5,20.067164179104477,20.067164179104477,0,0,0.06666666666666667,6.666666666666667,Low Risk
52,102.7,5138.1,96.94528301886793,96.94528301886793,0,1,0.31,31.0,Medium Risk
1,24.6,24.6,12.3,12.3,1,0,0.1,10.0,Low Risk
35,89.2,3251.3,90.3138888888889,90.3138888888889,0,1,0.15333333333333332,15.333333333333332,Low Risk
3,55.8,154.55,38.6375,38.6375,1,0,0.7433333333333333,74.33333333333333,High Risk
66,102.85,6976.75,104.13059701492537,104.13059701492537,0,1,0.43333333333333335,43.333333333333336,Medium Risk
59,68.7,4070.95,67.84916666666666,67.84916666666666,0,0,0.006666666666666667,0.6666666666666667,Low Risk
52,25.75,1345.85,25.393396226415092,25.393396226415092,0,0,0.02,2.0,Low Risk
8,73.5,632.2,70.24444444444445,70.24444444444445,1,1,0.6166666666666667,61.66666666666667,Medium Risk
5,53.8,283.95,47.324999999999996,47.324999999999996,1,0,0.33,33.0,Medium Risk
4,44.55,174.3,34.86,34.86,1,0,0.28,28.000000000000004,Low Risk
50,70.5,3486.65,68.36568627450981,68.36568627450981,0,1,0.10666666666666667,10.666666666666668,Low Risk
62,108.15,6825.65,108.34365079365078,108.34365079365078,0,1,0.05,5.0,Low Risk
61,19.45,1336.35,21.554032258064513,21.554032258064513,0,0,0.07,7.000000000000001,Low Risk
55,85.5,4713.4,84.16785714285713,84.16785714285713,0,1,0.15666666666666668,15.666666666666668,Low Risk
5,20.05,95.55,15.924999999999999,15.924999999999999,1,0,0.08333333333333333,8.333333333333332,Low Risk
35,54.95,1916.0,53.22222222222222,53.22222222222222,0,0,0.05333333333333334,5.333333333333334,Low Risk
22,89.1,1949.4,84.75652173913043,84.75652173913043,0,1,0.15,15.0,Low Risk
57,53.35,3090.05,53.27672413793104,53.27672413793104,0,0,0.043333333333333335,4.333333333333334,Low Risk
57,95.25,5427.05,93.5698275862069,93.5698275862069,0,1,0.22333333333333333,22.333333333333332,Low Risk
64,19.45,1225.65,18.85615384615385,18.85615384615385,0,0,0.0033333333333333335,0.33333333333333337,Low Risk
26,95.85,2475.35,91.67962962962963,91.67962962962963,0,1,0.64,64.0,Medium Risk
39,99.1,3877.95,96.94874999999999,96.94874999999999,0,1,0.5733333333333334,57.333333333333336,Medium Risk
19,59.8,1130.85,56.5425,56.5425,0,0,0.17666666666666667,17.666666666666668,Low Risk
31,93.8,3019.5,94.359375,94.359375,0,1,0.18,18.0,Low Risk
6,19.85,119.3,17.04285714285714,17.04285714285714,1,0,0.13666666666666666,13.666666666666666,Low Risk
52,89.45,4577.75,86.37264150943396,86.37264150943396,0,1,0.06333333333333334,6.333333333333334,Low Risk
53,85.7,4616.1,85.48333333333333,85.48333333333333,0,1,0.16,16.0,Low Risk
56,111.95,6418.9,112.61228070175439,112.61228070175439,0,1,0.08666666666666667,8.666666666666668,Low Risk
56,75.85,4261.2,74.7578947368421,74.7578947368421,0,1,0.0,0.0,Low Risk
49,99.8,4872.45,97.449,97.449,0,1,0.21666666666666667,21.666666666666668,Low Risk
39,25.0,1004.35,25.10875,25.10875,0,0,0.0033333333333333335,0.33333333333333337,Low Risk
61,99.15,6010.05,96.93629032258065,96.93629032258065,0,1,0.10666666666666667,10.666666666666668,Low Risk
43,34.0,1505.35,34.2125,34.2125,0,0,0.08,8.0,Low Risk
5,19.55,99.6,16.599999999999998,16.599999999999998,1,0,0.01,1.0,Low Risk
11,20.3,246.3,20.525000000000002,20.525000000000002,1,0,0.23666666666666666,23.666666666666668,Low Risk
2,24.85,62.0,20.666666666666668,20.666666666666668,1,0,0.5263084627180372,52.63084627180372,Medium Risk
13,96.65,1244.5,88.89285714285714,88.89285714285714,0,1,0.57,56.99999999999999,Medium Risk
72,81.0,5750.0,78.76712328767124,78.76712328767124,0,1,0.0,0.0,Low Risk
46,69.1,3255.35,69.2627659574468,69.2627659574468,0,0,0.03333333333333333,3.3333333333333335,Low Risk
71,108.55,7616.0,105.77777777777777,105.77777777777777,0,1,0.2733333333333333,27.333333333333332,Low Risk
36,87.55,3078.1,83.19189189189188,83.19189189189188,0,1,0.5,50.0,Medium Risk
64,108.5,6880.85,105.85923076923078,105.85923076923078,0,1,0.43333333333333335,43.333333333333336,Medium Risk
1,75.3,75.3,37.65,37.65,1,1,0.9702060989437128,97.02060989437128,High Risk
15,84.3,1308.4,81.775,81.775,0,1,0.4066666666666667,40.666666666666664,Medium Risk
36,20.0,666.75,18.02027027027027,18.02027027027027,0,0,0.02,2.0,Low Risk
6,40.55,217.5,31.071428571428573,31.071428571428573,1,0,0.25,25.0,Low Risk
30,50.0,1474.9,47.57741935483871,47.57741935483871,0,0,0.05,5.0,Low Risk
1,59.85,59.85,29.925,29.925,1,0,0.742172752970044,74.2172752970044,High Risk
13,80.85,1008.7,72.05,72.05,0,1,0.20333333333333334,20.333333333333332,Low Risk
61,20.4,1226.45,19.781451612903226,19.781451612903226,0,0,0.006666666666666667,0.6666666666666667,Low Risk
72,107.7,7919.8,108.4904109589041,108.4904109589041,0,1,0.013333333333333334,1.3333333333333335,Low Risk
67,74.0,4868.4,71.59411764705882,71.59411764705882,0,1,0.056666666666666664,5.666666666666666,Low Risk
34,79.95,2727.3,77.92285714285715,77.92285714285715,0,1,0.12333333333333334,12.333333333333334,Low Risk
72,20.5,1502.25,20.578767123287673,20.578767123287673,0,0,0.0033333333333333335,0.33333333333333337,Low Risk
46,65.65,3047.15,64.83297872340425,64.83297872340425,0,0,0.07,7.000000000000001,Low Risk
7,75.1,552.95,69.11875,69.11875,1,1,0.29333333333333333,29.333333333333332,Low Risk
7,76.45,503.6,62.95,62.95,1,1,0.7833333333333333,78.33333333333333,High Risk
72,67.8,4804.65,65.81712328767122,65.81712328767122,0,0,0.0,0.0,Low Risk
32,86.1,2723.75,82.53787878787878,82.53787878787878,0,1,0.55,55.00000000000001,Medium Risk
39,53.85,2200.7,55.0175,55.0175,0,0,0.09666666666666666,9.666666666666666,Low Risk
47,96.1,4391.45,91.48854166666666,91.48854166666666,0,1,0.24,24.0,Low Risk
50,95.05,4888.7,95.85686274509804,95.85686274509804,0,1,0.23,23.0,Low Risk
58,19.55,1108.8,18.79322033898305,18.79322033898305,0,0,0.04,4.0,Low Risk
41,81.3,3190.65,75.96785714285714,75.96785714285714,0,1,0.12333333333333334,12.333333333333334,Low Risk
4,83.25,308.05,61.61,61.61,1,1,0.4033333333333333,40.33333333333333,Medium Risk
32,61.4,1864.65,56.50454545454546,56.50454545454546,0,0,0.0033333333333333335,0.33333333333333337,Low Risk
1,20.75,20.75,10.375,10.375,1,0,0.04129202226859892,4.129202226859892,Low Risk
19,19.65,358.15,17.9075,17.9075,0,0,0.07333333333333333,7.333333333333333,Low Risk
62,104.85,6312.9,100.2047619047619,100.2047619047619,0,1,0.25,25.0,Low Risk
1,74.1,74.1,37.05,37.05,1,1,0.30564092143192356,30.564092143192354,Medium Risk
12,61.65,713.75,54.90384615384615,54.90384615384615,0,0,0.37333333333333335,37.333333333333336,Medium Risk
48,45.3,2145.0,43.775510204081634,43.775510204081634,0,0,0.013333333333333334,1.3333333333333335,Low Risk
3,64.5,177.4,44.35,44.35,1,0,0.12666666666666668,12.666666666666668,Low Risk
40,78.85,3126.85,76.26463414634146,76.26463414634146,0,1,0.18666666666666668,18.666666666666668,Low Risk
19,25.15,468.35,23.4175,23.4175,0,0,0.02,2.0,Low Risk
1,70.25,70.25,35.125,35.125,1,0,0.12,12.0,Low Risk
67,24.9,1680.25,24.709558823529413,24.709558823529413,0,0,0.006666666666666667,0.6666666666666667,Low Risk
16,100.7,1522.7,89.57058823529412,89.57058823529412,0,1,0.79,79.0,High Risk
1,19.55,19.55,9.775,9.775,1,0,0.2670559770632901,26.70559770632901,Low Risk
21,53.15,1183.2,53.78181818181818,53.78181818181818,0,0,0.38333333333333336,38.333333333333336,Medium Risk
29,35.65,1025.15,34.17166666666667,34.17166666666667,0,0,0.13333333333333333,13.333333333333334,Low Risk
20,94.3,1818.3,86.58571428571429,86.58571428571429,0,1,0.5233333333333333,52.33333333333333,Medium Risk
13,94.1,1215.6,86.82857142857142,86.82857142857142,0,1,0.6433333333333333,64.33333333333333,Medium Risk
9,29.95,248.95,24.895,24.895,1,0,0.6833333333333333,68.33333333333333,Medium Risk
51,83.25,4089.45,78.64326923076922,78.64326923076922,0,1,0.13,13.0,Low Risk
60,79.05,4663.4,76.44918032786885,76.44918032786885,0,1,0.01,1.0,Low Risk
20,79.15,1520.9,72.42380952380952,72.42380952380952,0,1,0.37,37.0,Medium Risk
9,34.7,296.1,29.610000000000003,29.610000000000003,1,0,0.49666666666666665,49.666666666666664,Medium Risk
8,80.65,633.3,70.36666666666666,70.36666666666666,1,1,0.6366666666666667,63.66666666666667,Medium Risk
63,79.8,5034.05,78.65703125,78.65703125,0,1,0.023333333333333334,2.3333333333333335,Low Risk
10,65.9,660.05,60.00454545454545,60.00454545454545,1,0,0.23,23.0,Low Risk
3,69.95,220.45,55.1125,55.1125,1,0,0.69,69.0,Medium Risk
44,20.6,926.0,20.57777777777778,20.57777777777778,0,0,0.01,1.0,Low Risk
8,51.3,411.6,45.733333333333334,45.733333333333334,1,0,0.31,31.0,Medium Risk
61,106.0,6547.7,105.60806451612903,105.60806451612903,0,1,0.38333333333333336,38.333333333333336,Medium Risk
43,99.3,4209.95,95.68068181818181,95.68068181818181,0,1,0.73,73.0,High Risk
43,56.35,2391.15,54.34431818181818,54.34431818181818,0,0,0.13666666666666666,13.666666666666666,Low Risk
5,50.6,249.95,41.65833333333333,41.65833333333333,1,0,0.21666666666666667,21.666666666666668,Low Risk
29,69.05,1958.45,65.28166666666667,65.28166666666667,0,0,0.21666666666666667,21.666666666666668,Low Risk
54,99.05,5295.7,96.28545454545454,96.28545454545454,0,1,0.16,16.0,Low Risk
50,98.25,4858.7,95.26862745098039,95.26862745098039,0,1,0.4666666666666667,46.666666666666664,Medium Risk
68,88.15,6148.45,89.10797101449275,89.10797101449275,0,1,0.15333333333333332,15.333333333333332,Low Risk
1,69.25,69.25,34.625,34.625,1,0,0.9966666666666667,99.66666666666667,High Risk
72,108.3,7679.65,105.20068493150684,105.20068493150684,0,1,0.15,15.0,Low Risk
55,73.1,4144.9,74.01607142857142,74.01607142857142,0,1,0.023333333333333334,2.3333333333333335,Low Risk
3,70.3,220.4,55.1,55.1,1,0,0.7266666666666667,72.66666666666667,High Risk
1,19.05,19.05,9.525,9.525,1,0,0.18361284811617246,18.361284811617246,Low Risk
7,19.85,144.15,18.01875,18.01875,1,0,0.13333333333333333,13.333333333333334,Low Risk
9,84.4,732.5,73.25,73.25,1,1,0.62,62.0,Medium Risk
37,35.8,1316.9,34.65526315789474,34.65526315789474,0,0,0.02666666666666667,2.666666666666667,Low Risk
62,86.1,5215.25,82.78174603174604,82.78174603174604,0,1,0.0033333333333333335,0.33333333333333337,Low Risk
56,61.3,3346.8,58.71578947368421,58.71578947368421,0,0,0.04,4.0,Low Risk
27,24.5,761.95,27.212500000000002,27.212500000000002,0,0,0.26666666666666666,26.666666666666668,Low Risk
49,87.2,4345.0,86.9,86.9,0,1,0.36333333333333334,36.333333333333336,Medium Risk
28,20.3,487.95,16.825862068965517,16.825862068965517,0,0,0.0,0.0,Low Risk
5,20.65,93.55,15.591666666666667,15.591666666666667,1,0,0.01,1.0,Low Risk
56,19.7,1051.9,18.454385964912284,18.454385964912284,0,0,0.08333333333333333,8.333333333333332,Low Risk
72,70.45,5165.7,70.76301369863013,70.76301369863013,0,1,0.03333333333333333,3.3333333333333335,Low Risk
